dataset,negative_strategy,seed,split,model,model_family,auroc,auprc,brier,nll,ece_10,train_seconds,inference_seconds,num_train,num_eval
string_human_physical_no_biogrid_overlap,random,42,val,common_neighbors,heuristic,0.9187575248128986,0.9176021401859624,,,,0.0,0.0,503266,62906
string_human_physical_no_biogrid_overlap,random,42,val,jaccard,heuristic,0.9131507459903043,0.9106888400985944,,,,0.0,0.0,503266,62906
string_human_physical_no_biogrid_overlap,random,42,val,adamic_adar,heuristic,0.9210043384707768,0.9238313900717317,,,,0.0,0.0,503266,62906
string_human_physical_no_biogrid_overlap,random,42,val,preferential_attachment,heuristic,0.8966930201438797,0.896437119826531,,,,0.0,0.0,503266,62906
string_human_physical_no_biogrid_overlap,random,42,test,common_neighbors,heuristic,0.915688386047308,0.9143974247791956,,,,0.0,0.0,503266,62906
string_human_physical_no_biogrid_overlap,random,42,test,jaccard,heuristic,0.910123495295307,0.9069642598360347,,,,0.0,0.0,503266,62906
string_human_physical_no_biogrid_overlap,random,42,test,adamic_adar,heuristic,0.9180131924127913,0.9206744968727228,,,,0.0,0.0,503266,62906
string_human_physical_no_biogrid_overlap,random,42,test,preferential_attachment,heuristic,0.8952494361041069,0.8955081285768058,,,,0.0,0.0,503266,62906
string_human_physical_no_biogrid_overlap,random,42,val,logistic_regression,supervised_pair_features,0.9519330354223334,0.9597350350852855,0.08350245460278531,0.2861147714271736,0.030187747554417818,1.4229612999988603,0.02056859999720473,503266,62906
string_human_physical_no_biogrid_overlap,random,42,test,logistic_regression,supervised_pair_features,0.950668769664565,0.9583597338201193,0.08444347353004053,0.2915751830998227,0.028832963754230646,1.4229612999988603,0.011845299995911773,503266,62906
string_human_physical_no_biogrid_overlap,random,42,val,hist_gradient_boosting,supervised_pair_features,0.9566218550113488,0.9644114816975846,0.07576027708664597,0.2523588150109413,0.007171704790529323,5.495811499997217,0.1357551000037347,503266,62906
string_human_physical_no_biogrid_overlap,random,42,test,hist_gradient_boosting,supervised_pair_features,0.9553322256399431,0.9630884529238278,0.07688137524671029,0.2559858001233373,0.005993148706612384,5.495811499997217,0.1339464999982738,503266,62906
string_human_physical_no_biogrid_overlap,degree_matched,42,val,common_neighbors,heuristic,0.8283840233740517,0.8061869149634827,,,,0.0,0.0,503266,62906
string_human_physical_no_biogrid_overlap,degree_matched,42,val,jaccard,heuristic,0.8547261491939527,0.8562800724405537,,,,0.0,0.0,503266,62906
string_human_physical_no_biogrid_overlap,degree_matched,42,val,adamic_adar,heuristic,0.8394889588066682,0.8262853238865746,,,,0.0,0.0,503266,62906
string_human_physical_no_biogrid_overlap,degree_matched,42,val,preferential_attachment,heuristic,0.5344917959338705,0.5482523501964858,,,,0.0,0.0,503266,62906
string_human_physical_no_biogrid_overlap,degree_matched,42,test,common_neighbors,heuristic,0.8251674810950433,0.8020955706040168,,,,0.0,0.0,503266,62906
string_human_physical_no_biogrid_overlap,degree_matched,42,test,jaccard,heuristic,0.850817930901072,0.8515736651151836,,,,0.0,0.0,503266,62906
string_human_physical_no_biogrid_overlap,degree_matched,42,test,adamic_adar,heuristic,0.8365433327124613,0.8220128844428825,,,,0.0,0.0,503266,62906
string_human_physical_no_biogrid_overlap,degree_matched,42,test,preferential_attachment,heuristic,0.5350668106462473,0.5499981690619118,,,,0.0,0.0,503266,62906
string_human_physical_no_biogrid_overlap,degree_matched,42,val,logistic_regression,supervised_pair_features,0.882348225738656,0.8910464542191936,0.14496847327878903,0.4745301249139125,0.08335602700911418,1.0897993000035058,0.01479269999981625,503266,62906
string_human_physical_no_biogrid_overlap,degree_matched,42,test,logistic_regression,supervised_pair_features,0.8799374472153023,0.8871649906975583,0.14635054193991803,0.4833901689183841,0.08246037626222533,1.0897993000035058,0.012703600004897453,503266,62906
string_human_physical_no_biogrid_overlap,degree_matched,42,val,hist_gradient_boosting,supervised_pair_features,0.9034200297841725,0.9157421748785007,0.12152693023726667,0.3857077246527816,0.01192047451637674,5.058842599995842,0.16070800000306917,503266,62906
string_human_physical_no_biogrid_overlap,degree_matched,42,test,hist_gradient_boosting,supervised_pair_features,0.9025424191351528,0.9152640460567754,0.12190486174194319,0.38689718869693535,0.012355034191548658,5.058842599995842,0.16011530000105267,503266,62906
string_human_physical_no_biogrid_overlap,random,43,val,common_neighbors,heuristic,0.9180074484013736,0.9171587070469359,,,,0.0,0.0,503266,62906
string_human_physical_no_biogrid_overlap,random,43,val,jaccard,heuristic,0.9122841578793409,0.9102965111283718,,,,0.0,0.0,503266,62906
string_human_physical_no_biogrid_overlap,random,43,val,adamic_adar,heuristic,0.9201746424292748,0.9232124826757178,,,,0.0,0.0,503266,62906
string_human_physical_no_biogrid_overlap,random,43,val,preferential_attachment,heuristic,0.896962907814538,0.8976730578646114,,,,0.0,0.0,503266,62906
string_human_physical_no_biogrid_overlap,random,43,test,common_neighbors,heuristic,0.9181776399470664,0.9173372453872269,,,,0.0,0.0,503266,62906
string_human_physical_no_biogrid_overlap,random,43,test,jaccard,heuristic,0.9125974761391011,0.9102633179081563,,,,0.0,0.0,503266,62906
string_human_physical_no_biogrid_overlap,random,43,test,adamic_adar,heuristic,0.9203510237600827,0.9233253239268975,,,,0.0,0.0,503266,62906
string_human_physical_no_biogrid_overlap,random,43,test,preferential_attachment,heuristic,0.8987254833677594,0.8993708302817656,,,,0.0,0.0,503266,62906
string_human_physical_no_biogrid_overlap,random,43,val,logistic_regression,supervised_pair_features,0.9520803954702886,0.9598089195658029,0.08337184749432709,0.2872055369385945,0.03129642664557685,1.7559519999995246,0.011912599999050144,503266,62906
string_human_physical_no_biogrid_overlap,random,43,test,logistic_regression,supervised_pair_features,0.9529451009202288,0.9607779527560762,0.08281910691351249,0.2823785501657785,0.03031075389033721,1.7559519999995246,0.00407660000200849,503266,62906
string_human_physical_no_biogrid_overlap,random,43,val,hist_gradient_boosting,supervised_pair_features,0.9562874817782798,0.9638616580558446,0.07594369255836314,0.2535799058173668,0.006341075557474541,4.84451600000466,0.14172529999632388,503266,62906
string_human_physical_no_biogrid_overlap,random,43,test,hist_gradient_boosting,supervised_pair_features,0.9572930653627187,0.9648336755880734,0.07535242368376802,0.25102033473320695,0.006333126973470216,4.84451600000466,0.1434270000027027,503266,62906
string_human_physical_no_biogrid_overlap,random,44,val,common_neighbors,heuristic,0.917697431495118,0.9167199582449508,,,,0.0,0.0,503266,62906
string_human_physical_no_biogrid_overlap,random,44,val,jaccard,heuristic,0.9118401991177503,0.9097758223961094,,,,0.0,0.0,503266,62906
string_human_physical_no_biogrid_overlap,random,44,val,adamic_adar,heuristic,0.9200354938158557,0.9229962919282058,,,,0.0,0.0,503266,62906
string_human_physical_no_biogrid_overlap,random,44,val,preferential_attachment,heuristic,0.8985852182984474,0.8991182343555697,,,,0.0,0.0,503266,62906
string_human_physical_no_biogrid_overlap,random,44,test,common_neighbors,heuristic,0.9177972549839974,0.9169384006584982,,,,0.0,0.0,503266,62906
string_human_physical_no_biogrid_overlap,random,44,test,jaccard,heuristic,0.9120197392757788,0.9095977615577399,,,,0.0,0.0,503266,62906
string_human_physical_no_biogrid_overlap,random,44,test,adamic_adar,heuristic,0.9199839422610294,0.9230059298141594,,,,0.0,0.0,503266,62906
string_human_physical_no_biogrid_overlap,random,44,test,preferential_attachment,heuristic,0.8966813092341954,0.897674709122766,,,,0.0,0.0,503266,62906
string_human_physical_no_biogrid_overlap,random,44,val,logistic_regression,supervised_pair_features,0.9528584373582563,0.9606170319197671,0.08230230227669756,0.2832383952205436,0.03006132617432016,1.2486410999990767,0.012122499996621627,503266,62906
string_human_physical_no_biogrid_overlap,random,44,test,logistic_regression,supervised_pair_features,0.9515524361644256,0.959690973210459,0.08382990120380793,0.28557977723665046,0.028459797688632396,1.2486410999990767,0.01191129999642726,503266,62906
string_human_physical_no_biogrid_overlap,random,44,val,hist_gradient_boosting,supervised_pair_features,0.9571226110026012,0.9646523699462579,0.07502163859604247,0.2509784897847762,0.00671951895882581,4.6247891999955755,0.1335146000055829,503266,62906
string_human_physical_no_biogrid_overlap,random,44,test,hist_gradient_boosting,supervised_pair_features,0.9560264327588907,0.9639758708866664,0.07618112820518667,0.2535843095419912,0.005527677073174121,4.6247891999955755,0.1382506000009016,503266,62906
string_human_physical_no_biogrid_overlap,random,45,val,common_neighbors,heuristic,0.9168718788241046,0.9157182823766699,,,,0.0,0.0,503266,62906
string_human_physical_no_biogrid_overlap,random,45,val,jaccard,heuristic,0.9106984513798504,0.90719144742131,,,,0.0,0.0,503266,62906
string_human_physical_no_biogrid_overlap,random,45,val,adamic_adar,heuristic,0.9191743545554947,0.9220301565333564,,,,0.0,0.0,503266,62906
string_human_physical_no_biogrid_overlap,random,45,val,preferential_attachment,heuristic,0.8950534422468521,0.8960105534670226,,,,0.0,0.0,503266,62906
string_human_physical_no_biogrid_overlap,random,45,test,common_neighbors,heuristic,0.9192928454497163,0.9181905458529397,,,,0.0,0.0,503266,62906
string_human_physical_no_biogrid_overlap,random,45,test,jaccard,heuristic,0.9140017866063943,0.9123738608170926,,,,0.0,0.0,503266,62906
string_human_physical_no_biogrid_overlap,random,45,test,adamic_adar,heuristic,0.9215761195549046,0.9243938084898932,,,,0.0,0.0,503266,62906
string_human_physical_no_biogrid_overlap,random,45,test,preferential_attachment,heuristic,0.8958349300362579,0.8963860001331859,,,,0.0,0.0,503266,62906
string_human_physical_no_biogrid_overlap,random,45,val,logistic_regression,supervised_pair_features,0.9505218003003602,0.9583992349386179,0.08485397681107774,0.29188462887611616,0.030213035375649552,1.8504824999981793,0.013795599996228702,503266,62906
string_human_physical_no_biogrid_overlap,random,45,test,logistic_regression,supervised_pair_features,0.9526141326501972,0.9604936693146396,0.0829193229700654,0.2836525038183785,0.030406988755491186,1.8504824999981793,0.013008599999011494,503266,62906
string_human_physical_no_biogrid_overlap,random,45,val,hist_gradient_boosting,supervised_pair_features,0.9551707140460398,0.9630708066952179,0.07678582187163825,0.2563544710796025,0.005873715188812343,4.829921299999114,0.13246539999818197,503266,62906
string_human_physical_no_biogrid_overlap,random,45,test,hist_gradient_boosting,supervised_pair_features,0.9572584284431865,0.9647832841020099,0.07511254813021813,0.2506593071016281,0.006951832418018812,4.829921299999114,0.13988180000160355,503266,62906
string_human_physical_no_biogrid_overlap,random,46,val,common_neighbors,heuristic,0.9186186238515336,0.9176969470472587,,,,0.0,0.0,503266,62906
string_human_physical_no_biogrid_overlap,random,46,val,jaccard,heuristic,0.9124658147043133,0.9101484739800298,,,,0.0,0.0,503266,62906
string_human_physical_no_biogrid_overlap,random,46,val,adamic_adar,heuristic,0.9208393339720862,0.9237913619089722,,,,0.0,0.0,503266,62906
string_human_physical_no_biogrid_overlap,random,46,val,preferential_attachment,heuristic,0.8987662822747271,0.8992163489614038,,,,0.0,0.0,503266,62906
string_human_physical_no_biogrid_overlap,random,46,test,common_neighbors,heuristic,0.9174602475417327,0.916373256402965,,,,0.0,0.0,503266,62906
string_human_physical_no_biogrid_overlap,random,46,test,jaccard,heuristic,0.9122283775393378,0.9100649794358884,,,,0.0,0.0,503266,62906
string_human_physical_no_biogrid_overlap,random,46,test,adamic_adar,heuristic,0.9196539858265333,0.9224710805282454,,,,0.0,0.0,503266,62906
string_human_physical_no_biogrid_overlap,random,46,test,preferential_attachment,heuristic,0.8952036659612125,0.8951714313888404,,,,0.0,0.0,503266,62906
string_human_physical_no_biogrid_overlap,random,46,val,logistic_regression,supervised_pair_features,0.9529481157049279,0.9604970995525446,0.08258463087970179,0.2834713128969757,0.03174586129918807,1.5347968999994919,0.012064299997291528,503266,62906
string_human_physical_no_biogrid_overlap,random,46,test,logistic_regression,supervised_pair_features,0.9516344160701018,0.9593815606103753,0.08417777126260396,0.28746751558511413,0.029645490376258344,1.5347968999994919,0.012367999996058643,503266,62906
string_human_physical_no_biogrid_overlap,random,46,val,hist_gradient_boosting,supervised_pair_features,0.9573914630833438,0.9649095660142315,0.07480580010401469,0.24992580638305797,0.0068455666060191775,4.970286399999168,0.13568379999924218,503266,62906
string_human_physical_no_biogrid_overlap,random,46,test,hist_gradient_boosting,supervised_pair_features,0.9562601834461463,0.9639459919416314,0.0762285181191243,0.2536371038860856,0.005817160732111119,4.970286399999168,0.13620570000057342,503266,62906
string_human_physical_no_biogrid_overlap,random,47,val,common_neighbors,heuristic,0.918889072024494,0.9173087350589881,,,,0.0,0.0,503266,62906
string_human_physical_no_biogrid_overlap,random,47,val,jaccard,heuristic,0.9138357864453638,0.91175060627146,,,,0.0,0.0,503266,62906
string_human_physical_no_biogrid_overlap,random,47,val,adamic_adar,heuristic,0.9209695226352708,0.92312552460092,,,,0.0,0.0,503266,62906
string_human_physical_no_biogrid_overlap,random,47,val,preferential_attachment,heuristic,0.8977270382274264,0.8967661627121504,,,,0.0,0.0,503266,62906
string_human_physical_no_biogrid_overlap,random,47,test,common_neighbors,heuristic,0.9187891044930937,0.9176000862863137,,,,0.0,0.0,503266,62906
string_human_physical_no_biogrid_overlap,random,47,test,jaccard,heuristic,0.9129816941494725,0.9109047175231988,,,,0.0,0.0,503266,62906
string_human_physical_no_biogrid_overlap,random,47,test,adamic_adar,heuristic,0.9211089290089911,0.9239439492687598,,,,0.0,0.0,503266,62906
string_human_physical_no_biogrid_overlap,random,47,test,preferential_attachment,heuristic,0.8956185741260337,0.8964110049317271,,,,0.0,0.0,503266,62906
string_human_physical_no_biogrid_overlap,random,47,val,logistic_regression,supervised_pair_features,0.9524131453188724,0.959471866331989,0.08348945964280201,0.2892572206363658,0.031050522784339743,1.847251099999994,0.023475599999073893,503266,62906
string_human_physical_no_biogrid_overlap,random,47,test,logistic_regression,supervised_pair_features,0.95154279138045,0.9595375150303795,0.08362604099345543,0.2869488558828852,0.029275098340686787,1.847251099999994,0.012379400002828334,503266,62906
string_human_physical_no_biogrid_overlap,random,47,val,hist_gradient_boosting,supervised_pair_features,0.9564801606358962,0.963550488476833,0.07590987439620837,0.2539391548764955,0.0056100131096294935,4.740494999998191,0.13413990000117337,503266,62906
string_human_physical_no_biogrid_overlap,random,47,test,hist_gradient_boosting,supervised_pair_features,0.9561068433592034,0.9640895650432421,0.07594578462182239,0.25354747589654986,0.006431852599189852,4.740494999998191,0.13554569999541854,503266,62906
string_human_physical_no_biogrid_overlap,random,48,val,common_neighbors,heuristic,0.9199971117907711,0.918395938144146,,,,0.0,0.0,503266,62906
string_human_physical_no_biogrid_overlap,random,48,val,jaccard,heuristic,0.9139947472231101,0.909770568282093,,,,0.0,0.0,503266,62906
string_human_physical_no_biogrid_overlap,random,48,val,adamic_adar,heuristic,0.9222274712440107,0.9244068315539429,,,,0.0,0.0,503266,62906
string_human_physical_no_biogrid_overlap,random,48,val,preferential_attachment,heuristic,0.8980112932551086,0.8992654197216201,,,,0.0,0.0,503266,62906
string_human_physical_no_biogrid_overlap,random,48,test,common_neighbors,heuristic,0.9181894200982432,0.9170131170931279,,,,0.0,0.0,503266,62906
string_human_physical_no_biogrid_overlap,random,48,test,jaccard,heuristic,0.9125869165587622,0.9104072701912453,,,,0.0,0.0,503266,62906
string_human_physical_no_biogrid_overlap,random,48,test,adamic_adar,heuristic,0.9204693069298262,0.9233303217581235,,,,0.0,0.0,503266,62906
string_human_physical_no_biogrid_overlap,random,48,test,preferential_attachment,heuristic,0.8960957971071993,0.89668090351628,,,,0.0,0.0,503266,62906
string_human_physical_no_biogrid_overlap,random,48,val,logistic_regression,supervised_pair_features,0.9526348596108873,0.960217102216218,0.08189713670415227,0.28490097326197655,0.02952124519801223,1.9013973999972222,0.04017960000055609,503266,62906
string_human_physical_no_biogrid_overlap,random,48,test,logistic_regression,supervised_pair_features,0.9521380180383268,0.9600329957983612,0.08338124255355653,0.28509551446655224,0.03079124414399191,1.9013973999972222,0.01346709999779705,503266,62906
string_human_physical_no_biogrid_overlap,random,48,val,hist_gradient_boosting,supervised_pair_features,0.95748527317602,0.9647596711824462,0.0738159192276349,0.2483229813749539,0.009249907788145047,5.449066000001039,0.14657829999487149,503266,62906
string_human_physical_no_biogrid_overlap,random,48,test,hist_gradient_boosting,supervised_pair_features,0.9566563716427403,0.9643947691616317,0.07589642391483052,0.25259904865973837,0.007679443575589352,5.449066000001039,0.14714549999916926,503266,62906
string_human_physical_no_biogrid_overlap,random,49,val,common_neighbors,heuristic,0.9166181234104145,0.9153133187767699,,,,0.0,0.0,503266,62906
string_human_physical_no_biogrid_overlap,random,49,val,jaccard,heuristic,0.9111153235770846,0.9083696917981975,,,,0.0,0.0,503266,62906
string_human_physical_no_biogrid_overlap,random,49,val,adamic_adar,heuristic,0.9189215169706417,0.9215717122438223,,,,0.0,0.0,503266,62906
string_human_physical_no_biogrid_overlap,random,49,val,preferential_attachment,heuristic,0.8947189835990952,0.8946874760948476,,,,0.0,0.0,503266,62906
string_human_physical_no_biogrid_overlap,random,49,test,common_neighbors,heuristic,0.9155646954707752,0.9141169076348308,,,,0.0,0.0,503266,62906
string_human_physical_no_biogrid_overlap,random,49,test,jaccard,heuristic,0.9097824678031684,0.9075419735795931,,,,0.0,0.0,503266,62906
string_human_physical_no_biogrid_overlap,random,49,test,adamic_adar,heuristic,0.9178203038090476,0.9204386308609869,,,,0.0,0.0,503266,62906
string_human_physical_no_biogrid_overlap,random,49,test,preferential_attachment,heuristic,0.8940484904278575,0.8943600092927954,,,,0.0,0.0,503266,62906
string_human_physical_no_biogrid_overlap,random,49,val,logistic_regression,supervised_pair_features,0.9506431700233576,0.9584514278119036,0.08418899372497704,0.2909687004998285,0.028370916569574266,1.3153380999938236,0.023129299996071495,503266,62906
string_human_physical_no_biogrid_overlap,random,49,test,logistic_regression,supervised_pair_features,0.9500197453993549,0.9577454402236356,0.08529916229594854,0.29406050044632315,0.029215474027090814,1.3153380999938236,0.019461699994280934,503266,62906
string_human_physical_no_biogrid_overlap,random,49,val,hist_gradient_boosting,supervised_pair_features,0.9553877841039221,0.9630908118698505,0.07670357072135199,0.25595392860151744,0.006257989683926744,4.945913300005486,0.13244790000317153,503266,62906
string_human_physical_no_biogrid_overlap,random,49,test,hist_gradient_boosting,supervised_pair_features,0.954478970306912,0.9621835298407467,0.07798314609426334,0.25949661345682856,0.006350131839020476,4.945913300005486,0.12976219999836758,503266,62906
string_human_physical_no_biogrid_overlap,random,50,val,common_neighbors,heuristic,0.9165796251404877,0.9155015708315494,,,,0.0,0.0,503266,62906
string_human_physical_no_biogrid_overlap,random,50,val,jaccard,heuristic,0.9107749647454918,0.9078948289559017,,,,0.0,0.0,503266,62906
string_human_physical_no_biogrid_overlap,random,50,val,adamic_adar,heuristic,0.9187775922104651,0.9215292587088946,,,,0.0,0.0,503266,62906
string_human_physical_no_biogrid_overlap,random,50,val,preferential_attachment,heuristic,0.8965289840152617,0.896861628789481,,,,0.0,0.0,503266,62906
string_human_physical_no_biogrid_overlap,random,50,test,common_neighbors,heuristic,0.9175414395095469,0.9170107627400356,,,,0.0,0.0,503266,62906
string_human_physical_no_biogrid_overlap,random,50,test,jaccard,heuristic,0.9119100546864355,0.9108679535997013,,,,0.0,0.0,503266,62906
string_human_physical_no_biogrid_overlap,random,50,test,adamic_adar,heuristic,0.9197697757971284,0.9231430883955124,,,,0.0,0.0,503266,62906
string_human_physical_no_biogrid_overlap,random,50,test,preferential_attachment,heuristic,0.8973613087064236,0.8985508525752487,,,,0.0,0.0,503266,62906
string_human_physical_no_biogrid_overlap,random,50,val,logistic_regression,supervised_pair_features,0.9510467129805457,0.9588324820036305,0.08436025381300619,0.28989816758087683,0.03135443213903022,1.583980799994606,0.0288667000058922,503266,62906
string_human_physical_no_biogrid_overlap,random,50,test,logistic_regression,supervised_pair_features,0.9521058288308311,0.9600555264726032,0.08365812838193434,0.28460647108987674,0.029820489945081404,1.583980799994606,0.011696399997163098,503266,62906
string_human_physical_no_biogrid_overlap,random,50,val,hist_gradient_boosting,supervised_pair_features,0.9558716017054995,0.9636113177601437,0.07620097906576456,0.2541492014306632,0.006063034330689247,5.261725399999705,0.16096209999523126,503266,62906
string_human_physical_no_biogrid_overlap,random,50,test,hist_gradient_boosting,supervised_pair_features,0.9568189051804261,0.9645916967576373,0.07573740474716184,0.2522583182973267,0.006547759278473675,5.261725399999705,0.1376864000048954,503266,62906
string_human_physical_no_biogrid_overlap,random,51,val,common_neighbors,heuristic,0.9183528320426023,0.917399335221269,,,,0.0,0.0,503266,62906
string_human_physical_no_biogrid_overlap,random,51,val,jaccard,heuristic,0.9122781116313347,0.9103549059983602,,,,0.0,0.0,503266,62906
string_human_physical_no_biogrid_overlap,random,51,val,adamic_adar,heuristic,0.9207294684451197,0.9238722964116877,,,,0.0,0.0,503266,62906
string_human_physical_no_biogrid_overlap,random,51,val,preferential_attachment,heuristic,0.8974100921177802,0.8982297614187241,,,,0.0,0.0,503266,62906
string_human_physical_no_biogrid_overlap,random,51,test,common_neighbors,heuristic,0.9208135938262441,0.9195838361305344,,,,0.0,0.0,503266,62906
string_human_physical_no_biogrid_overlap,random,51,test,jaccard,heuristic,0.9154998096217795,0.9143010043445312,,,,0.0,0.0,503266,62906
string_human_physical_no_biogrid_overlap,random,51,test,adamic_adar,heuristic,0.9230175040401071,0.9255605236633688,,,,0.0,0.0,503266,62906
string_human_physical_no_biogrid_overlap,random,51,test,preferential_attachment,heuristic,0.8988631273685967,0.8979418570939102,,,,0.0,0.0,503266,62906
string_human_physical_no_biogrid_overlap,random,51,val,logistic_regression,supervised_pair_features,0.9529740696401963,0.9607132313064255,0.08246422609647827,0.28304302015589977,0.03182425017904707,1.3681042999960482,0.012191199995868374,503266,62906
string_human_physical_no_biogrid_overlap,random,51,test,logistic_regression,supervised_pair_features,0.9542974453945644,0.9618206763424126,0.08128411070493302,0.2787400259402834,0.03116755928775208,1.3681042999960482,0.011963700002525002,503266,62906
string_human_physical_no_biogrid_overlap,random,51,val,hist_gradient_boosting,supervised_pair_features,0.95705540430007,0.9646173249818171,0.0753715535970803,0.2511071341818041,0.00835334302451594,4.760835000000952,0.13443019999976968,503266,62906
string_human_physical_no_biogrid_overlap,random,51,test,hist_gradient_boosting,supervised_pair_features,0.958411835033298,0.9656571463041117,0.07371849243660909,0.24704548037206395,0.008359562606027318,4.760835000000952,0.13384850000147708,503266,62906
string_human_physical_no_biogrid_overlap,degree_matched,43,val,common_neighbors,heuristic,0.828923894238304,0.8049157486968004,,,,0.0,0.0,503266,62906
string_human_physical_no_biogrid_overlap,degree_matched,43,val,jaccard,heuristic,0.8539489639799275,0.8545081045846471,,,,0.0,0.0,503266,62906
string_human_physical_no_biogrid_overlap,degree_matched,43,val,adamic_adar,heuristic,0.8396817367251062,0.8246399473211405,,,,0.0,0.0,503266,62906
string_human_physical_no_biogrid_overlap,degree_matched,43,val,preferential_attachment,heuristic,0.5339481850181892,0.5480821903691825,,,,0.0,0.0,503266,62906
string_human_physical_no_biogrid_overlap,degree_matched,43,test,common_neighbors,heuristic,0.8288987641251748,0.8060188182657545,,,,0.0,0.0,503266,62906
string_human_physical_no_biogrid_overlap,degree_matched,43,test,jaccard,heuristic,0.8544464130581392,0.8557130906973138,,,,0.0,0.0,503266,62906
string_human_physical_no_biogrid_overlap,degree_matched,43,test,adamic_adar,heuristic,0.839834322736815,0.8257436002501858,,,,0.0,0.0,503266,62906
string_human_physical_no_biogrid_overlap,degree_matched,43,test,preferential_attachment,heuristic,0.5371689121114994,0.5509671895239376,,,,0.0,0.0,503266,62906
string_human_physical_no_biogrid_overlap,degree_matched,43,val,logistic_regression,supervised_pair_features,0.882970681992586,0.8904384546632405,0.14453589758382157,0.4763545396666374,0.08161707769006252,1.438642000000982,0.016777000004367437,503266,62906
string_human_physical_no_biogrid_overlap,degree_matched,43,test,logistic_regression,supervised_pair_features,0.8816597221981379,0.8904234817886547,0.14467688261401257,0.4755031627589496,0.08237913332384256,1.438642000000982,0.011740599999029655,503266,62906
string_human_physical_no_biogrid_overlap,degree_matched,43,val,hist_gradient_boosting,supervised_pair_features,0.9034678887963312,0.9157781200861677,0.12144904244976477,0.38566892997266056,0.010246735769674756,4.858477699999639,0.18208129999402445,503266,62906
string_human_physical_no_biogrid_overlap,degree_matched,43,test,hist_gradient_boosting,supervised_pair_features,0.9026360311061856,0.9156849628199327,0.12132816328348159,0.3858592112549876,0.010844188292806622,4.858477699999639,0.17624030000297353,503266,62906
string_human_physical_no_biogrid_overlap,degree_matched,44,val,common_neighbors,heuristic,0.8294682091933964,0.8077822317277253,,,,0.0,0.0,503266,62906
string_human_physical_no_biogrid_overlap,degree_matched,44,val,jaccard,heuristic,0.8541349850405877,0.8552388487337932,,,,0.0,0.0,503266,62906
string_human_physical_no_biogrid_overlap,degree_matched,44,val,adamic_adar,heuristic,0.8407137144589749,0.8280444812999016,,,,0.0,0.0,503266,62906
string_human_physical_no_biogrid_overlap,degree_matched,44,val,preferential_attachment,heuristic,0.5350475938576748,0.5499458427712898,,,,0.0,0.0,503266,62906
string_human_physical_no_biogrid_overlap,degree_matched,44,test,common_neighbors,heuristic,0.8286738177211479,0.8067478275322444,,,,0.0,0.0,503266,62906
string_human_physical_no_biogrid_overlap,degree_matched,44,test,jaccard,heuristic,0.8535262931867417,0.8552949537229357,,,,0.0,0.0,503266,62906
string_human_physical_no_biogrid_overlap,degree_matched,44,test,adamic_adar,heuristic,0.839537617381173,0.8266528328707123,,,,0.0,0.0,503266,62906
string_human_physical_no_biogrid_overlap,degree_matched,44,test,preferential_attachment,heuristic,0.5354544770851188,0.5499840243147395,,,,0.0,0.0,503266,62906
string_human_physical_no_biogrid_overlap,degree_matched,44,val,logistic_regression,supervised_pair_features,0.8826708814916802,0.8905916061272575,0.14487800981886415,0.47559469590039394,0.08249360285797004,0.9370617999957176,0.012521599994215649,503266,62906
string_human_physical_no_biogrid_overlap,degree_matched,44,test,logistic_regression,supervised_pair_features,0.8822075078198739,0.8910147236206161,0.14472445601287928,0.4740000793403826,0.07934799084685734,0.9370617999957176,0.01296839999849908,503266,62906
string_human_physical_no_biogrid_overlap,degree_matched,44,val,hist_gradient_boosting,supervised_pair_features,0.9040516334963207,0.9164079529397665,0.12073061188214497,0.38412396290053896,0.008380245858247499,5.009665699995821,0.16812380000192206,503266,62906
string_human_physical_no_biogrid_overlap,degree_matched,44,test,hist_gradient_boosting,supervised_pair_features,0.9036793876938211,0.915752873920912,0.12159418075972582,0.3855264786060967,0.0097214429612877,5.009665699995821,0.16782789999706438,503266,62906
string_human_physical_no_biogrid_overlap,degree_matched,45,val,common_neighbors,heuristic,0.8264960125608475,0.8016616412769096,,,,0.0,0.0,503266,62906
string_human_physical_no_biogrid_overlap,degree_matched,45,val,jaccard,heuristic,0.8519171876114388,0.8510504971606803,,,,0.0,0.0,503266,62906
string_human_physical_no_biogrid_overlap,degree_matched,45,val,adamic_adar,heuristic,0.8376116046129749,0.8216044610679856,,,,0.0,0.0,503266,62906
string_human_physical_no_biogrid_overlap,degree_matched,45,val,preferential_attachment,heuristic,0.5344772360147395,0.5474066398429335,,,,0.0,0.0,503266,62906
string_human_physical_no_biogrid_overlap,degree_matched,45,test,common_neighbors,heuristic,0.8287516037150998,0.8009503574106822,,,,0.0,0.0,503266,62906
string_human_physical_no_biogrid_overlap,degree_matched,45,test,jaccard,heuristic,0.8545589036968789,0.8519810234115256,,,,0.0,0.0,503266,62906
string_human_physical_no_biogrid_overlap,degree_matched,45,test,adamic_adar,heuristic,0.8396035271956006,0.8203218294910969,,,,0.0,0.0,503266,62906
string_human_physical_no_biogrid_overlap,degree_matched,45,test,preferential_attachment,heuristic,0.5345294688654209,0.5484825835279503,,,,0.0,0.0,503266,62906
string_human_physical_no_biogrid_overlap,degree_matched,45,val,logistic_regression,supervised_pair_features,0.8791201974584614,0.885991355438174,0.146660362133109,0.4855595646579637,0.08342194563356056,1.1157988000049954,0.012167600005341228,503266,62906
string_human_physical_no_biogrid_overlap,degree_matched,45,test,logistic_regression,supervised_pair_features,0.8828827614700859,0.8875163587333795,0.1451838021586613,0.48535995565122697,0.08539558463417295,1.1157988000049954,0.012146699998993427,503266,62906
string_human_physical_no_biogrid_overlap,degree_matched,45,val,hist_gradient_boosting,supervised_pair_features,0.9019491812748939,0.9145192871132817,0.12224412890087306,0.3878805753903708,0.008446110321790802,4.951577800005907,0.16830770000524353,503266,62906
string_human_physical_no_biogrid_overlap,degree_matched,45,test,hist_gradient_boosting,supervised_pair_features,0.9050907789882119,0.9168408451138078,0.12063358351422167,0.3832697852724641,0.011381542336142516,4.951577800005907,0.16523030000098515,503266,62906
string_human_physical_no_biogrid_overlap,degree_matched,46,val,common_neighbors,heuristic,0.8280731659670494,0.8049231726712703,,,,0.0,0.0,503266,62906
string_human_physical_no_biogrid_overlap,degree_matched,46,val,jaccard,heuristic,0.8538315758954651,0.8542469707365936,,,,0.0,0.0,503266,62906
string_human_physical_no_biogrid_overlap,degree_matched,46,val,adamic_adar,heuristic,0.8389594478848745,0.8246237865367394,,,,0.0,0.0,503266,62906
string_human_physical_no_biogrid_overlap,degree_matched,46,val,preferential_attachment,heuristic,0.5355233056558981,0.5495264717763386,,,,0.0,0.0,503266,62906
string_human_physical_no_biogrid_overlap,degree_matched,46,test,common_neighbors,heuristic,0.828185309387501,0.80275907159945,,,,0.0,0.0,503266,62906
string_human_physical_no_biogrid_overlap,degree_matched,46,test,jaccard,heuristic,0.8525657534676426,0.8511217874283994,,,,0.0,0.0,503266,62906
string_human_physical_no_biogrid_overlap,degree_matched,46,test,adamic_adar,heuristic,0.8392938635725812,0.8226041048982077,,,,0.0,0.0,503266,62906
string_human_physical_no_biogrid_overlap,degree_matched,46,test,preferential_attachment,heuristic,0.5360812591633977,0.5500404864150649,,,,0.0,0.0,503266,62906
string_human_physical_no_biogrid_overlap,degree_matched,46,val,logistic_regression,supervised_pair_features,0.8812937611982761,0.8892837056925389,0.14556666959564496,0.4776018125964027,0.08192314634662544,0.8353902000017115,0.022661499999230728,503266,62906
string_human_physical_no_biogrid_overlap,degree_matched,46,test,logistic_regression,supervised_pair_features,0.878753867002168,0.8855179545505086,0.14651845757942278,0.48658318235461195,0.0818176166088462,0.8353902000017115,0.011471699996036477,503266,62906
string_human_physical_no_biogrid_overlap,degree_matched,46,val,hist_gradient_boosting,supervised_pair_features,0.9035201231632495,0.9161421714059245,0.12130484787600303,0.38501903497884093,0.011339579238464664,5.444939399996656,0.1713605999975698,503266,62906
string_human_physical_no_biogrid_overlap,degree_matched,46,test,hist_gradient_boosting,supervised_pair_features,0.9029916281202899,0.9155376263765028,0.12170810740561189,0.3860851630239346,0.009101006698043597,5.444939399996656,0.17199990000517573,503266,62906
string_human_physical_no_biogrid_overlap,degree_matched,47,val,common_neighbors,heuristic,0.8273631925096787,0.8016818615250405,,,,0.0,0.0,503266,62906
string_human_physical_no_biogrid_overlap,degree_matched,47,val,jaccard,heuristic,0.8537652142423918,0.8531905369771717,,,,0.0,0.0,503266,62906
string_human_physical_no_biogrid_overlap,degree_matched,47,val,adamic_adar,heuristic,0.8384447900213776,0.8214915685236863,,,,0.0,0.0,503266,62906
string_human_physical_no_biogrid_overlap,degree_matched,47,val,preferential_attachment,heuristic,0.5329437699471158,0.5460835768039036,,,,0.0,0.0,503266,62906
string_human_physical_no_biogrid_overlap,degree_matched,47,test,common_neighbors,heuristic,0.8293255803104989,0.8063200909049442,,,,0.0,0.0,503266,62906
string_human_physical_no_biogrid_overlap,degree_matched,47,test,jaccard,heuristic,0.8547238399649016,0.8543750142958922,,,,0.0,0.0,503266,62906
string_human_physical_no_biogrid_overlap,degree_matched,47,test,adamic_adar,heuristic,0.840555115556475,0.8264087058300269,,,,0.0,0.0,503266,62906
string_human_physical_no_biogrid_overlap,degree_matched,47,test,preferential_attachment,heuristic,0.5363092734204211,0.5520017485127844,,,,0.0,0.0,503266,62906
string_human_physical_no_biogrid_overlap,degree_matched,47,val,logistic_regression,supervised_pair_features,0.8806249768262118,0.8875137548459622,0.1457296764326156,0.4830937656473,0.08507766628717753,1.2490842000042903,0.011977599999227095,503266,62906
string_human_physical_no_biogrid_overlap,degree_matched,47,test,logistic_regression,supervised_pair_features,0.8823205321740609,0.8895707108675023,0.14502315752470632,0.4782904039346611,0.08621173857052312,1.2490842000042903,0.011410999999498017,503266,62906
string_human_physical_no_biogrid_overlap,degree_matched,47,val,hist_gradient_boosting,supervised_pair_features,0.9029030005259049,0.91539010020079,0.12173785183857151,0.3865001278996856,0.009650917743329768,4.90557439999975,0.1612431000030483,503266,62906
string_human_physical_no_biogrid_overlap,degree_matched,47,test,hist_gradient_boosting,supervised_pair_features,0.9045438096074299,0.916473547555785,0.12026138998434496,0.38324246229674597,0.01270836304219623,4.90557439999975,0.16522779999650083,503266,62906
string_human_physical_no_biogrid_overlap,degree_matched,48,val,common_neighbors,heuristic,0.8297311979854054,0.8053283657532717,,,,0.0,0.0,503266,62906
string_human_physical_no_biogrid_overlap,degree_matched,48,val,jaccard,heuristic,0.8562190296386228,0.8560370580086668,,,,0.0,0.0,503266,62906
string_human_physical_no_biogrid_overlap,degree_matched,48,val,adamic_adar,heuristic,0.8410117652223068,0.8254516450070002,,,,0.0,0.0,503266,62906
string_human_physical_no_biogrid_overlap,degree_matched,48,val,preferential_attachment,heuristic,0.5336753250174691,0.5476044695318731,,,,0.0,0.0,503266,62906
string_human_physical_no_biogrid_overlap,degree_matched,48,test,common_neighbors,heuristic,0.8291105637430161,0.8058890140541413,,,,0.0,0.0,503266,62906
string_human_physical_no_biogrid_overlap,degree_matched,48,test,jaccard,heuristic,0.854559252431404,0.8558911177570141,,,,0.0,0.0,503266,62906
string_human_physical_no_biogrid_overlap,degree_matched,48,test,adamic_adar,heuristic,0.8401269433498018,0.8258359933961517,,,,0.0,0.0,503266,62906
string_human_physical_no_biogrid_overlap,degree_matched,48,test,preferential_attachment,heuristic,0.5365672409406803,0.5506911931171443,,,,0.0,0.0,503266,62906
string_human_physical_no_biogrid_overlap,degree_matched,48,val,logistic_regression,supervised_pair_features,0.8847047644188659,0.8909418867038357,0.1439546749550056,0.47716385774731984,0.0832345275090827,1.0507030000007944,0.014599699999962468,503266,62906
string_human_physical_no_biogrid_overlap,degree_matched,48,test,logistic_regression,supervised_pair_features,0.882508884701916,0.8907473313306284,0.14521891687171867,0.47647503936290886,0.08358129915242708,1.0507030000007944,0.017912600000272505,503266,62906
string_human_physical_no_biogrid_overlap,degree_matched,48,val,hist_gradient_boosting,supervised_pair_features,0.9062855363955832,0.9179546060818612,0.11967135851460867,0.3811311908410866,0.012662185223746186,5.575925299999653,0.17197699999815086,503266,62906
string_human_physical_no_biogrid_overlap,degree_matched,48,test,hist_gradient_boosting,supervised_pair_features,0.9035751372981219,0.9158684585271548,0.12119408775317986,0.38525360261451763,0.011105774691103448,5.575925299999653,0.17536030000337632,503266,62906
string_human_physical_no_biogrid_overlap,degree_matched,49,val,common_neighbors,heuristic,0.8265480159543195,0.8012798597638653,,,,0.0,0.0,503266,62906
string_human_physical_no_biogrid_overlap,degree_matched,49,val,jaccard,heuristic,0.8514800094620066,0.8502244245970785,,,,0.0,0.0,503266,62906
string_human_physical_no_biogrid_overlap,degree_matched,49,val,adamic_adar,heuristic,0.837726387296746,0.8212037092429015,,,,0.0,0.0,503266,62906
string_human_physical_no_biogrid_overlap,degree_matched,49,val,preferential_attachment,heuristic,0.5357157777998611,0.5494838231213184,,,,0.0,0.0,503266,62906
string_human_physical_no_biogrid_overlap,degree_matched,49,test,common_neighbors,heuristic,0.8267877416264396,0.8046108421103637,,,,0.0,0.0,503266,62906
string_human_physical_no_biogrid_overlap,degree_matched,49,test,jaccard,heuristic,0.8525781835791084,0.8541349619979561,,,,0.0,0.0,503266,62906
string_human_physical_no_biogrid_overlap,degree_matched,49,test,adamic_adar,heuristic,0.8376994604426937,0.8246584721462203,,,,0.0,0.0,503266,62906
string_human_physical_no_biogrid_overlap,degree_matched,49,test,preferential_attachment,heuristic,0.5358962084944596,0.5502617537088971,,,,0.0,0.0,503266,62906
string_human_physical_no_biogrid_overlap,degree_matched,49,val,logistic_regression,supervised_pair_features,0.8781393745307202,0.8848267313864655,0.1472764880075197,0.48734330873558873,0.08332976685968498,0.8864574000035645,0.012223099998664111,503266,62906
string_human_physical_no_biogrid_overlap,degree_matched,49,test,logistic_regression,supervised_pair_features,0.8813013807949446,0.8897365982805795,0.14582756204550698,0.47634367477445144,0.08251894641919219,0.8864574000035645,0.01217719999840483,503266,62906
string_human_physical_no_biogrid_overlap,degree_matched,49,val,hist_gradient_boosting,supervised_pair_features,0.9019753454617021,0.9146498421124447,0.12226150452954901,0.3881264883707155,0.009839609709538882,4.953575799998362,0.16774219999933848,503266,62906
string_human_physical_no_biogrid_overlap,degree_matched,49,test,hist_gradient_boosting,supervised_pair_features,0.9022853461947623,0.9145348119286548,0.12215403131910987,0.3875733426437991,0.009930423366708203,4.953575799998362,0.16753400000015972,503266,62906
string_human_physical_no_biogrid_overlap,degree_matched,50,val,common_neighbors,heuristic,0.8257474554188624,0.8023804450872387,,,,0.0,0.0,503266,62906
string_human_physical_no_biogrid_overlap,degree_matched,50,val,jaccard,heuristic,0.8512209173992569,0.8520041820214241,,,,0.0,0.0,503266,62906
string_human_physical_no_biogrid_overlap,degree_matched,50,val,adamic_adar,heuristic,0.8366715735164284,0.8222791624163174,,,,0.0,0.0,503266,62906
string_human_physical_no_biogrid_overlap,degree_matched,50,val,preferential_attachment,heuristic,0.5351877406604955,0.5493526039242044,,,,0.0,0.0,503266,62906
string_human_physical_no_biogrid_overlap,degree_matched,50,test,common_neighbors,heuristic,0.8277284156075019,0.8051117594169523,,,,0.0,0.0,503266,62906
string_human_physical_no_biogrid_overlap,degree_matched,50,test,jaccard,heuristic,0.853103244850526,0.8535731544534234,,,,0.0,0.0,503266,62906
string_human_physical_no_biogrid_overlap,degree_matched,50,test,adamic_adar,heuristic,0.8387428564524927,0.8249827067098416,,,,0.0,0.0,503266,62906
string_human_physical_no_biogrid_overlap,degree_matched,50,test,preferential_attachment,heuristic,0.535390881553866,0.5501447006753097,,,,0.0,0.0,503266,62906
string_human_physical_no_biogrid_overlap,degree_matched,50,val,logistic_regression,supervised_pair_features,0.8802103860603495,0.8881652552993757,0.1464642238642603,0.48039515284088424,0.07877720988997984,1.1184911000018474,0.01636000000144122,503266,62906
string_human_physical_no_biogrid_overlap,degree_matched,50,test,logistic_regression,supervised_pair_features,0.8800444475596265,0.888567721759163,0.14545972009115068,0.47895697702798556,0.079843239121054,1.1184911000018474,0.013290400005644187,503266,62906
string_human_physical_no_biogrid_overlap,degree_matched,50,val,hist_gradient_boosting,supervised_pair_features,0.9019175864323283,0.913804516089653,0.12289162280709155,0.3895006143010387,0.009095191135836225,5.115462599998864,0.15796340000088094,503266,62906
string_human_physical_no_biogrid_overlap,degree_matched,50,test,hist_gradient_boosting,supervised_pair_features,0.9021499725062249,0.9148527071340381,0.1219175352158212,0.3871487475818025,0.00996877543803923,5.115462599998864,0.15801240000291727,503266,62906
string_human_physical_no_biogrid_overlap,degree_matched,51,val,common_neighbors,heuristic,0.8268955541684188,0.8017143851928427,,,,0.0,0.0,503266,62906
string_human_physical_no_biogrid_overlap,degree_matched,51,val,jaccard,heuristic,0.8524428114068079,0.8513961289674981,,,,0.0,0.0,503266,62906
string_human_physical_no_biogrid_overlap,degree_matched,51,val,adamic_adar,heuristic,0.8380619356135408,0.8215389081460482,,,,0.0,0.0,503266,62906
string_human_physical_no_biogrid_overlap,degree_matched,51,val,preferential_attachment,heuristic,0.5344273801183651,0.5494614676603253,,,,0.0,0.0,503266,62906
string_human_physical_no_biogrid_overlap,degree_matched,51,test,common_neighbors,heuristic,0.8287610640235659,0.803871140824835,,,,0.0,0.0,503266,62906
string_human_physical_no_biogrid_overlap,degree_matched,51,test,jaccard,heuristic,0.8543134426053512,0.8539176947870566,,,,0.0,0.0,503266,62906
string_human_physical_no_biogrid_overlap,degree_matched,51,test,adamic_adar,heuristic,0.8399068160525824,0.8239153710996233,,,,0.0,0.0,503266,62906
string_human_physical_no_biogrid_overlap,degree_matched,51,test,preferential_attachment,heuristic,0.5360358246143073,0.5488657112111046,,,,0.0,0.0,503266,62906
string_human_physical_no_biogrid_overlap,degree_matched,51,val,logistic_regression,supervised_pair_features,0.8811622872714722,0.8872230068451689,0.1453831677350993,0.4832338641986539,0.08272395797784643,1.0780899000019417,0.012268999998923391,503266,62906
string_human_physical_no_biogrid_overlap,degree_matched,51,test,logistic_regression,supervised_pair_features,0.8811361903045072,0.8886078995090586,0.1456027605639333,0.4797578269104182,0.08060360764325525,1.0780899000019417,0.012530499996501021,503266,62906
string_human_physical_no_biogrid_overlap,degree_matched,51,val,hist_gradient_boosting,supervised_pair_features,0.9030606831158043,0.9151237290541663,0.12192035431910911,0.3869776651623172,0.009366999336632811,4.743757399999595,0.1655938999974751,503266,62906
string_human_physical_no_biogrid_overlap,degree_matched,51,test,hist_gradient_boosting,supervised_pair_features,0.903329552380567,0.9156124971741149,0.12148256450883473,0.3860387165929022,0.010003901000387297,4.743757399999595,0.16688370000338182,503266,62906
string_human_physical_no_biogrid_overlap,random,42,val,random_forest,supervised_pair_features,0.9561026297363975,0.9638811067775171,0.07578037617131819,0.25359839361169895,0.006488103722560736,15.745642999994743,0.1727035000003525,503266,62906
string_human_physical_no_biogrid_overlap,random,42,test,random_forest,supervised_pair_features,0.9552303850503537,0.9630335527792419,0.07668265005259206,0.256636744868671,0.005672766500191495,15.745642999994743,0.13593150000087917,503266,62906
string_human_physical_no_biogrid_overlap,random,43,val,random_forest,supervised_pair_features,0.9562464685764736,0.963854027343181,0.0757402201274358,0.2536783406995217,0.006275834630136981,15.973679099995934,0.12443260000145528,503266,62906
string_human_physical_no_biogrid_overlap,random,43,test,random_forest,supervised_pair_features,0.9569271988749675,0.9644716011351806,0.07532501255087945,0.2517371555537608,0.005784141867024834,15.973679099995934,0.12013540000043577,503266,62906
string_human_physical_no_biogrid_overlap,random,44,val,random_forest,supervised_pair_features,0.9569653352696477,0.9645139767906563,0.0748653015037038,0.25131685882063526,0.005753083636207042,15.707646599999862,0.14520339999580756,503266,62906
string_human_physical_no_biogrid_overlap,random,44,test,random_forest,supervised_pair_features,0.9552099699290869,0.9630767264092506,0.076472455040843,0.25559519165257805,0.0049914031274711735,15.707646599999862,0.12252290000469657,503266,62906
string_human_physical_no_biogrid_overlap,random,45,val,random_forest,supervised_pair_features,0.9548280833859102,0.9626541972506167,0.07690022166890385,0.25729929928798917,0.004854871357529055,16.89763800000219,0.12526239999715472,503266,62906
string_human_physical_no_biogrid_overlap,random,45,test,random_forest,supervised_pair_features,0.9564928525509621,0.9639126180345703,0.0755595467585138,0.2528649429541203,0.006152859083828748,16.89763800000219,0.1265075999981491,503266,62906
string_human_physical_no_biogrid_overlap,random,46,val,random_forest,supervised_pair_features,0.9569131782308197,0.9644623052014631,0.07487368621677888,0.2510954948802434,0.005974438788189001,16.31138419999479,0.12836490000336198,503266,62906
string_human_physical_no_biogrid_overlap,random,46,test,random_forest,supervised_pair_features,0.9558131583477966,0.9635736680562343,0.07625723911461245,0.254710767249416,0.005019400508951759,16.31138419999479,0.18062099999951897,503266,62906
string_human_physical_no_biogrid_overlap,random,47,val,random_forest,supervised_pair_features,0.9562633963524889,0.96329904002341,0.07578335892857174,0.254338753272916,0.0048762568252070015,15.539128999997047,0.12711499999568332,503266,62906
string_human_physical_no_biogrid_overlap,random,47,test,random_forest,supervised_pair_features,0.9557293938310939,0.9634470736545265,0.0759117899810991,0.25474588295407535,0.0053292821154975615,15.539128999997047,0.11915260000387207,503266,62906
string_human_physical_no_biogrid_overlap,random,48,val,random_forest,supervised_pair_features,0.9570859044194742,0.9644043784073054,0.07375015588808936,0.24934450757300974,0.00900688200871502,15.450464000001375,0.13134469999931753,503266,62906
string_human_physical_no_biogrid_overlap,random,48,test,random_forest,supervised_pair_features,0.9561145842548369,0.9639185864938951,0.07598659533957876,0.25409927422326517,0.006423844306401421,15.450464000001375,0.14908699999796227,503266,62906
string_human_physical_no_biogrid_overlap,random,49,val,random_forest,supervised_pair_features,0.9551589611871301,0.9627896354092181,0.07668174298422872,0.2563782653209733,0.005570927891603875,15.245967299997574,0.1480223999969894,503266,62906
string_human_physical_no_biogrid_overlap,random,49,test,random_forest,supervised_pair_features,0.9543405661658921,0.9618170141167092,0.07784992447126518,0.25988268111251156,0.005119742691018989,15.245967299997574,0.2012717999969027,503266,62906
string_human_physical_no_biogrid_overlap,random,50,val,random_forest,supervised_pair_features,0.9555955156577158,0.9633953968574698,0.0761051841283449,0.25475525804539023,0.005122950727350707,15.938727499997185,0.18181989999720827,503266,62906
string_human_physical_no_biogrid_overlap,random,50,test,random_forest,supervised_pair_features,0.956424243329145,0.964057416365436,0.07583994146351963,0.2533915383808211,0.005323241322613361,15.938727499997185,0.11084950000076788,503266,62906
string_human_physical_no_biogrid_overlap,random,51,val,random_forest,supervised_pair_features,0.9570340632633683,0.9646912877067056,0.07511527513886314,0.2511209940330115,0.007039023357757082,15.586410600000818,0.15120130000286736,503266,62906
string_human_physical_no_biogrid_overlap,random,51,test,random_forest,supervised_pair_features,0.9581016811602943,0.9652958638370162,0.07351453466894733,0.24761211957239415,0.008108899691689951,15.586410600000818,0.18780929999775253,503266,62906
string_human_physical_no_biogrid_overlap,degree_matched,42,val,random_forest,supervised_pair_features,0.9031957763004846,0.9153109366033979,0.12167922603701499,0.38599170549270423,0.009188370998936666,16.750418399999035,0.1747767000051681,503266,62906
string_human_physical_no_biogrid_overlap,degree_matched,42,test,random_forest,supervised_pair_features,0.9022045777625018,0.9147463346183667,0.12222795162248225,0.3875744355151055,0.008533535640343901,16.750418399999035,0.1569013999978779,503266,62906
string_human_physical_no_biogrid_overlap,degree_matched,43,val,random_forest,supervised_pair_features,0.90314701260021,0.9156062314868484,0.12162278883803335,0.38596310548069207,0.008507422804469193,17.498343199993542,0.15879929999937303,503266,62906
string_human_physical_no_biogrid_overlap,degree_matched,43,test,random_forest,supervised_pair_features,0.9024181609805451,0.9151252324339001,0.12157474059302226,0.3865023970014303,0.009008147289147141,17.498343199993542,0.15312310000444995,503266,62906
string_human_physical_no_biogrid_overlap,degree_matched,44,val,random_forest,supervised_pair_features,0.9035345653213016,0.915202439108683,0.12126769664602272,0.38558575907159043,0.00723246691429928,15.419530999999552,0.11529100000188919,503266,62906
string_human_physical_no_biogrid_overlap,degree_matched,44,test,random_forest,supervised_pair_features,0.9029642736873851,0.9147731063536246,0.12214259439268556,0.3869889765224438,0.008541721389668473,15.419530999999552,0.10275170000386424,503266,62906
string_human_physical_no_biogrid_overlap,degree_matched,45,val,random_forest,supervised_pair_features,0.9018673494550379,0.9140811250705634,0.12228110128581272,0.388136219656864,0.006219089193378328,13.374099900000147,0.10191289999784203,503266,62906
string_human_physical_no_biogrid_overlap,degree_matched,45,test,random_forest,supervised_pair_features,0.9051257595881457,0.9165862325253604,0.1206354954348276,0.3832168298313314,0.011141832607405616,13.374099900000147,0.10239359999832232,503266,62906
string_human_physical_no_biogrid_overlap,degree_matched,46,val,random_forest,supervised_pair_features,0.9033208987102199,0.9156296803508978,0.12160084044751791,0.3857014937710906,0.00908899248821974,13.173054399994726,0.11578349999763304,503266,62906
string_human_physical_no_biogrid_overlap,degree_matched,46,test,random_forest,supervised_pair_features,0.9028452046014288,0.9153272469017959,0.12204354546147331,0.38665530159094685,0.007747962182059972,13.173054399994726,0.1035325000048033,503266,62906
string_human_physical_no_biogrid_overlap,degree_matched,47,val,random_forest,supervised_pair_features,0.9029503773746765,0.9148356183109264,0.12189046769707762,0.38679838939817224,0.008941805718695447,12.88153539999621,0.11173649999545887,503266,62906
string_human_physical_no_biogrid_overlap,degree_matched,47,test,random_forest,supervised_pair_features,0.9042459165327527,0.9159938457649176,0.12058900520379803,0.38396547221010197,0.01074476697558504,12.88153539999621,0.11222129999805475,503266,62906
string_human_physical_no_biogrid_overlap,degree_matched,48,val,random_forest,supervised_pair_features,0.9059303967796604,0.9173722920780458,0.1199482615442467,0.3816891549590633,0.011557675051910861,12.659294600001886,0.11288730000524083,503266,62906
string_human_physical_no_biogrid_overlap,degree_matched,48,test,random_forest,supervised_pair_features,0.9030387002054114,0.9151358684406985,0.12173521947119256,0.3864280661130304,0.009255693072501646,12.659294600001886,0.11439940000127535,503266,62906
string_human_physical_no_biogrid_overlap,degree_matched,49,val,random_forest,supervised_pair_features,0.9020673557809812,0.9143995647266089,0.12229182501808047,0.3881513235402348,0.008050122623659563,13.394432100001723,0.11019449999730568,503266,62906
string_human_physical_no_biogrid_overlap,degree_matched,49,test,random_forest,supervised_pair_features,0.9020685359188307,0.9139813763624323,0.12240675825827427,0.38810972654615983,0.008223560817211387,13.394432100001723,0.11516420000407379,503266,62906
string_human_physical_no_biogrid_overlap,degree_matched,50,val,random_forest,supervised_pair_features,0.9015832030910123,0.9132450370015704,0.12301874379317822,0.389884352164518,0.006956212502083712,12.704361700001755,0.11568209999677492,503266,62906
string_human_physical_no_biogrid_overlap,degree_matched,50,test,random_forest,supervised_pair_features,0.9021763565474077,0.9144550433401388,0.12202901661454237,0.3873743128472032,0.009734156800672482,12.704361700001755,0.1039251999973203,503266,62906
string_human_physical_no_biogrid_overlap,degree_matched,51,val,random_forest,supervised_pair_features,0.9031376392226689,0.9146641680291949,0.12198771193552636,0.38699929407579226,0.008004965554697558,12.605917499997304,0.11464300000079675,503266,62906
string_human_physical_no_biogrid_overlap,degree_matched,51,test,random_forest,supervised_pair_features,0.9030283897933638,0.914927461336387,0.12178553603852728,0.3868480690931944,0.008296004646015846,12.605917499997304,0.10213369999837596,503266,62906
biogrid_human_physical_no_string_overlap,random,42,val,common_neighbors,heuristic,0.8690422181838283,0.8651587933597381,,,,0.0,0.0,860806,107600
biogrid_human_physical_no_string_overlap,random,42,val,jaccard,heuristic,0.7981972267519795,0.7286520379500856,,,,0.0,0.0,860806,107600
biogrid_human_physical_no_string_overlap,random,42,val,adamic_adar,heuristic,0.874582353063114,0.8801833751966305,,,,0.0,0.0,860806,107600
biogrid_human_physical_no_string_overlap,random,42,val,preferential_attachment,heuristic,0.9396991846436615,0.9357796683097753,,,,0.0,0.0,860806,107600
biogrid_human_physical_no_string_overlap,random,42,test,common_neighbors,heuristic,0.8669582126421691,0.8628867704647712,,,,0.0,0.0,860806,107600
biogrid_human_physical_no_string_overlap,random,42,test,jaccard,heuristic,0.7963397033623084,0.7263112558104984,,,,0.0,0.0,860806,107600
biogrid_human_physical_no_string_overlap,random,42,test,adamic_adar,heuristic,0.8724752670637498,0.877964195938276,,,,0.0,0.0,860806,107600
biogrid_human_physical_no_string_overlap,random,42,test,preferential_attachment,heuristic,0.9384962887467007,0.9343624989199546,,,,0.0,0.0,860806,107600
biogrid_human_physical_no_string_overlap,random,42,val,logistic_regression,supervised_pair_features,0.9388307943850969,0.9332390601231335,0.10306456225400915,0.35246307864679083,0.05988783076592925,1.2096142999944277,0.007757200000924058,860806,107600
biogrid_human_physical_no_string_overlap,random,42,test,logistic_regression,supervised_pair_features,0.938172434736944,0.9328123979315099,0.10395357503197888,0.35366454970345396,0.06005242731613535,1.2096142999944277,0.00774690000253031,860806,107600
biogrid_human_physical_no_string_overlap,random,42,val,hist_gradient_boosting,supervised_pair_features,0.9453056028109065,0.9431984034586708,0.09263564969667237,0.29814880206252775,0.00248119989702388,3.665148300002329,0.14642479999747593,860806,107600
biogrid_human_physical_no_string_overlap,random,42,test,hist_gradient_boosting,supervised_pair_features,0.9446867169469743,0.9422827561199159,0.09345741842245685,0.2998929307100366,0.003860962610945654,3.665148300002329,0.1409641999998712,860806,107600
biogrid_human_physical_no_string_overlap,random,43,val,common_neighbors,heuristic,0.8685401666643634,0.8645866672856989,,,,0.0,0.0,860806,107600
biogrid_human_physical_no_string_overlap,random,43,val,jaccard,heuristic,0.7978618579068837,0.7277901343549592,,,,0.0,0.0,860806,107600
biogrid_human_physical_no_string_overlap,random,43,val,adamic_adar,heuristic,0.873915782154752,0.8793785818935697,,,,0.0,0.0,860806,107600
biogrid_human_physical_no_string_overlap,random,43,val,preferential_attachment,heuristic,0.9398453661157253,0.9356812139928283,,,,0.0,0.0,860806,107600
biogrid_human_physical_no_string_overlap,random,43,test,common_neighbors,heuristic,0.8688391022097539,0.8643553475234819,,,,0.0,0.0,860806,107600
biogrid_human_physical_no_string_overlap,random,43,test,jaccard,heuristic,0.7996868283674907,0.7303365455131917,,,,0.0,0.0,860806,107600
biogrid_human_physical_no_string_overlap,random,43,test,adamic_adar,heuristic,0.874341494900568,0.8792986636487599,,,,0.0,0.0,860806,107600
biogrid_human_physical_no_string_overlap,random,43,test,preferential_attachment,heuristic,0.9388583399552245,0.9344441449163281,,,,0.0,0.0,860806,107600
biogrid_human_physical_no_string_overlap,random,43,val,logistic_regression,supervised_pair_features,0.9389872863144512,0.9331934231931293,0.10301300300571822,0.3532343186235894,0.06077466074338475,1.0385190000015427,0.0073129000011249445,860806,107600
biogrid_human_physical_no_string_overlap,random,43,test,logistic_regression,supervised_pair_features,0.9383967081715289,0.9327385372274046,0.10365000199269742,0.3537674664493225,0.06040219972900811,1.0385190000015427,0.007358300004852936,860806,107600
biogrid_human_physical_no_string_overlap,random,43,val,hist_gradient_boosting,supervised_pair_features,0.9451956336977102,0.9425188235841183,0.09268599500625375,0.29862121307446976,0.0034923439994831184,3.6129132000060054,0.15402860000176588,860806,107600
biogrid_human_physical_no_string_overlap,random,43,test,hist_gradient_boosting,supervised_pair_features,0.9445802856511104,0.9417007353296096,0.0930793969122941,0.3002279163478838,0.0024651695930953737,3.6129132000060054,0.14294940000399947,860806,107600
biogrid_human_physical_no_string_overlap,random,44,val,common_neighbors,heuristic,0.8680511867580603,0.8635369497643596,,,,0.0,0.0,860806,107600
biogrid_human_physical_no_string_overlap,random,44,val,jaccard,heuristic,0.7971206205690912,0.7255785860959305,,,,0.0,0.0,860806,107600
biogrid_human_physical_no_string_overlap,random,44,val,adamic_adar,heuristic,0.8736163551498736,0.8785757256618979,,,,0.0,0.0,860806,107600
biogrid_human_physical_no_string_overlap,random,44,val,preferential_attachment,heuristic,0.9402215385359517,0.9356355151540068,,,,0.0,0.0,860806,107600
biogrid_human_physical_no_string_overlap,random,44,test,common_neighbors,heuristic,0.8674088403974516,0.8626356578531678,,,,0.0,0.0,860806,107600
biogrid_human_physical_no_string_overlap,random,44,test,jaccard,heuristic,0.7983790054380121,0.7304302921682668,,,,0.0,0.0,860806,107600
biogrid_human_physical_no_string_overlap,random,44,test,adamic_adar,heuristic,0.8729276100040076,0.8775277398666628,,,,0.0,0.0,860806,107600
biogrid_human_physical_no_string_overlap,random,44,test,preferential_attachment,heuristic,0.9392709650225951,0.9342748789186782,,,,0.0,0.0,860806,107600
biogrid_human_physical_no_string_overlap,random,44,val,logistic_regression,supervised_pair_features,0.9397404922886639,0.9343895077946653,0.10275372587673483,0.34996267982053364,0.060817315894616274,1.0636502999986988,0.007770099997287616,860806,107600
biogrid_human_physical_no_string_overlap,random,44,test,logistic_regression,supervised_pair_features,0.9388131904617127,0.9325396020800771,0.10354243753592297,0.3548721371838227,0.06168151687771072,1.0636502999986988,0.007687899997108616,860806,107600
biogrid_human_physical_no_string_overlap,random,44,val,hist_gradient_boosting,supervised_pair_features,0.9459025718273655,0.943155835718124,0.09200852553125292,0.2964801365938095,0.0037978817236455752,3.540228099998785,0.1464923000021372,860806,107600
biogrid_human_physical_no_string_overlap,random,44,test,hist_gradient_boosting,supervised_pair_features,0.9447556624079269,0.9412188504281412,0.09291594969511557,0.29935414361786694,0.002811517842224499,3.540228099998785,0.1556672000006074,860806,107600
biogrid_human_physical_no_string_overlap,random,45,val,common_neighbors,heuristic,0.868253915783364,0.8636444262651232,,,,0.0,0.0,860806,107600
biogrid_human_physical_no_string_overlap,random,45,val,jaccard,heuristic,0.7990775447064026,0.7293213769772061,,,,0.0,0.0,860806,107600
biogrid_human_physical_no_string_overlap,random,45,val,adamic_adar,heuristic,0.8737215506281008,0.8785592549905064,,,,0.0,0.0,860806,107600
biogrid_human_physical_no_string_overlap,random,45,val,preferential_attachment,heuristic,0.9391388852420502,0.9344537476959478,,,,0.0,0.0,860806,107600
biogrid_human_physical_no_string_overlap,random,45,test,common_neighbors,heuristic,0.8686735713989581,0.8648717351703911,,,,0.0,0.0,860806,107600
biogrid_human_physical_no_string_overlap,random,45,test,jaccard,heuristic,0.7978897114813228,0.7277005239523611,,,,0.0,0.0,860806,107600
biogrid_human_physical_no_string_overlap,random,45,test,adamic_adar,heuristic,0.8743656726344301,0.8800344636317142,,,,0.0,0.0,860806,107600
biogrid_human_physical_no_string_overlap,random,45,test,preferential_attachment,heuristic,0.9394778743038377,0.9355288556655332,,,,0.0,0.0,860806,107600
biogrid_human_physical_no_string_overlap,random,45,val,logistic_regression,supervised_pair_features,0.9385096066942138,0.9323026391501202,0.1036050972845367,0.3547786349992917,0.06125834833667516,1.0369465999974636,0.007652700005564839,860806,107600
biogrid_human_physical_no_string_overlap,random,45,test,logistic_regression,supervised_pair_features,0.9389070455770373,0.9331227904338601,0.1030504821093801,0.3524733588662671,0.061077626186934034,1.0369465999974636,0.008097100006125402,860806,107600
biogrid_human_physical_no_string_overlap,random,45,val,hist_gradient_boosting,supervised_pair_features,0.9448929471676731,0.9418849860875753,0.09290859155499426,0.2991922551537815,0.0021890357597063033,3.532379000003857,0.15120070000557462,860806,107600
biogrid_human_physical_no_string_overlap,random,45,test,hist_gradient_boosting,supervised_pair_features,0.9455997474468292,0.9433954035472489,0.09220577097197778,0.29759752281812835,0.0028101333275720617,3.532379000003857,0.15189050000481075,860806,107600
biogrid_human_physical_no_string_overlap,random,46,val,common_neighbors,heuristic,0.8685795998535123,0.8646171062872418,,,,0.0,0.0,860806,107600
biogrid_human_physical_no_string_overlap,random,46,val,jaccard,heuristic,0.7988768473348904,0.7294603801607105,,,,0.0,0.0,860806,107600
biogrid_human_physical_no_string_overlap,random,46,val,adamic_adar,heuristic,0.8741737628004035,0.8795377288000501,,,,0.0,0.0,860806,107600
biogrid_human_physical_no_string_overlap,random,46,val,preferential_attachment,heuristic,0.9395082649839002,0.9348627802492062,,,,0.0,0.0,860806,107600
biogrid_human_physical_no_string_overlap,random,46,test,common_neighbors,heuristic,0.867187036006965,0.8628766235932025,,,,0.0,0.0,860806,107600
biogrid_human_physical_no_string_overlap,random,46,test,jaccard,heuristic,0.7977252836472685,0.7275215328766035,,,,0.0,0.0,860806,107600
biogrid_human_physical_no_string_overlap,random,46,test,adamic_adar,heuristic,0.8727309548651898,0.8780245023622524,,,,0.0,0.0,860806,107600
biogrid_human_physical_no_string_overlap,random,46,test,preferential_attachment,heuristic,0.9388486855833942,0.9345222222178924,,,,0.0,0.0,860806,107600
biogrid_human_physical_no_string_overlap,random,46,val,logistic_regression,supervised_pair_features,0.9393040899103107,0.9336838501120412,0.10280524719610541,0.35157399988490934,0.059742684892782234,1.0793113999970956,0.007658900001842994,860806,107600
biogrid_human_physical_no_string_overlap,random,46,test,logistic_regression,supervised_pair_features,0.938372513681403,0.9331231976135297,0.10383782820810568,0.3521033124229328,0.05992409330615325,1.0793113999970956,0.00765250000404194,860806,107600
biogrid_human_physical_no_string_overlap,random,46,val,hist_gradient_boosting,supervised_pair_features,0.9457181836555603,0.9426365861819842,0.09212244388334408,0.29715052780832923,0.0032875560663539576,3.462004599998181,0.13742780000029597,860806,107600
biogrid_human_physical_no_string_overlap,random,46,test,hist_gradient_boosting,supervised_pair_features,0.9445960906082005,0.9419390792636937,0.0933710883051224,0.3001001520708863,0.0037039386572082535,3.462004599998181,0.13925710000330582,860806,107600
biogrid_human_physical_no_string_overlap,random,47,val,common_neighbors,heuristic,0.8645830913751884,0.8600092695289488,,,,0.0,0.0,860806,107600
biogrid_human_physical_no_string_overlap,random,47,val,jaccard,heuristic,0.7941846001299043,0.722919771939442,,,,0.0,0.0,860806,107600
biogrid_human_physical_no_string_overlap,random,47,val,adamic_adar,heuristic,0.8702355080775558,0.875166493291044,,,,0.0,0.0,860806,107600
biogrid_human_physical_no_string_overlap,random,47,val,preferential_attachment,heuristic,0.9377605127416703,0.932616503819476,,,,0.0,0.0,860806,107600
biogrid_human_physical_no_string_overlap,random,47,test,common_neighbors,heuristic,0.8679047162836335,0.8627689933252681,,,,0.0,0.0,860806,107600
biogrid_human_physical_no_string_overlap,random,47,test,jaccard,heuristic,0.7973483694600684,0.7278964598616176,,,,0.0,0.0,860806,107600
biogrid_human_physical_no_string_overlap,random,47,test,adamic_adar,heuristic,0.8737191342712236,0.8781504666803824,,,,0.0,0.0,860806,107600
biogrid_human_physical_no_string_overlap,random,47,test,preferential_attachment,heuristic,0.9392051863227431,0.9340183784411631,,,,0.0,0.0,860806,107600
biogrid_human_physical_no_string_overlap,random,47,val,logistic_regression,supervised_pair_features,0.936820330012023,0.9299538100622633,0.10530818337239031,0.3608710732636182,0.060497751454801345,1.005798699996376,0.007707400000072084,860806,107600
biogrid_human_physical_no_string_overlap,random,47,test,logistic_regression,supervised_pair_features,0.9383700213167314,0.9315344901964616,0.1035811402930669,0.35686368646368916,0.0614457792787353,1.005798699996376,0.007956100002047606,860806,107600
biogrid_human_physical_no_string_overlap,random,47,val,hist_gradient_boosting,supervised_pair_features,0.9436363951230636,0.9401610544265249,0.09417433052734415,0.30239808104439914,0.004105081030858035,3.5507348000028287,0.14731279999978142,860806,107600
biogrid_human_physical_no_string_overlap,random,47,test,hist_gradient_boosting,supervised_pair_features,0.9451738353532979,0.941809285151307,0.09255466398241202,0.2984573613076911,0.0035892480544606215,3.5507348000028287,0.1358408000014606,860806,107600
biogrid_human_physical_no_string_overlap,random,48,val,common_neighbors,heuristic,0.8662606105153329,0.8614366579780699,,,,0.0,0.0,860806,107600
biogrid_human_physical_no_string_overlap,random,48,val,jaccard,heuristic,0.7969304722156964,0.7280673481931704,,,,0.0,0.0,860806,107600
biogrid_human_physical_no_string_overlap,random,48,val,adamic_adar,heuristic,0.8718861705545805,0.8764115227491384,,,,0.0,0.0,860806,107600
biogrid_human_physical_no_string_overlap,random,48,val,preferential_attachment,heuristic,0.9382869663907354,0.933553089672911,,,,0.0,0.0,860806,107600
biogrid_human_physical_no_string_overlap,random,48,test,common_neighbors,heuristic,0.8667644530548223,0.8628366771063481,,,,0.0,0.0,860806,107600
biogrid_human_physical_no_string_overlap,random,48,test,jaccard,heuristic,0.795887196659803,0.7261669869042742,,,,0.0,0.0,860806,107600
biogrid_human_physical_no_string_overlap,random,48,test,adamic_adar,heuristic,0.8725504859316482,0.8782036996338769,,,,0.0,0.0,860806,107600
biogrid_human_physical_no_string_overlap,random,48,test,preferential_attachment,heuristic,0.9390205697820648,0.9350931543908079,,,,0.0,0.0,860806,107600
biogrid_human_physical_no_string_overlap,random,48,val,logistic_regression,supervised_pair_features,0.9378314245588093,0.9316463288094672,0.10434304617164077,0.3564234014451335,0.062034568282428385,1.1495608000041102,0.007590599998366088,860806,107600
biogrid_human_physical_no_string_overlap,random,48,test,logistic_regression,supervised_pair_features,0.9387448133317672,0.9333953372049819,0.10378861449178291,0.3520765981293661,0.06277157376993431,1.1495608000041102,0.007379599999694619,860806,107600
biogrid_human_physical_no_string_overlap,random,48,val,hist_gradient_boosting,supervised_pair_features,0.944230636323434,0.9412624033289771,0.09351036326909797,0.30098874999616637,0.002086002449075021,3.5444721000021673,0.14254439999785973,860806,107600
biogrid_human_physical_no_string_overlap,random,48,test,hist_gradient_boosting,supervised_pair_features,0.9447918663022898,0.9424293423001597,0.09315006719961116,0.29945582500546347,0.0022619743473398244,3.5444721000021673,0.14505540000391193,860806,107600
biogrid_human_physical_no_string_overlap,random,49,val,common_neighbors,heuristic,0.8687414638064703,0.8633186890316709,,,,0.0,0.0,860806,107600
biogrid_human_physical_no_string_overlap,random,49,val,jaccard,heuristic,0.7987447573623914,0.7283502640587229,,,,0.0,0.0,860806,107600
biogrid_human_physical_no_string_overlap,random,49,val,adamic_adar,heuristic,0.8743485679440581,0.8783568615219888,,,,0.0,0.0,860806,107600
biogrid_human_physical_no_string_overlap,random,49,val,preferential_attachment,heuristic,0.938807869225135,0.9340893227813222,,,,0.0,0.0,860806,107600
biogrid_human_physical_no_string_overlap,random,49,test,common_neighbors,heuristic,0.8684135787924435,0.8644079876227425,,,,0.0,0.0,860806,107600
biogrid_human_physical_no_string_overlap,random,49,test,jaccard,heuristic,0.7987642796188554,0.7285557004656644,,,,0.0,0.0,860806,107600
biogrid_human_physical_no_string_overlap,random,49,test,adamic_adar,heuristic,0.8740312867083099,0.8794478266897048,,,,0.0,0.0,860806,107600
biogrid_human_physical_no_string_overlap,random,49,test,preferential_attachment,heuristic,0.939211138596758,0.9348989425692644,,,,0.0,0.0,860806,107600
biogrid_human_physical_no_string_overlap,random,49,val,logistic_regression,supervised_pair_features,0.9384694991086359,0.9325165978346012,0.1036525197834424,0.3544918996773332,0.059886950065866904,1.162782100000186,0.007371400002739392,860806,107600
biogrid_human_physical_no_string_overlap,random,49,test,logistic_regression,supervised_pair_features,0.9387322058843852,0.9333033244923679,0.10318490403367303,0.35228737714994346,0.06055988188061308,1.162782100000186,0.007556900003692135,860806,107600
biogrid_human_physical_no_string_overlap,random,49,val,hist_gradient_boosting,supervised_pair_features,0.94488849138348,0.9416572913979511,0.09305454989686456,0.2989971326751713,0.002914095449427319,3.441719300004479,0.14212730000144802,860806,107600
biogrid_human_physical_no_string_overlap,random,49,test,hist_gradient_boosting,supervised_pair_features,0.9450391730351985,0.9424286778960371,0.09291748118117238,0.29903065701353587,0.003754302716467821,3.441719300004479,0.13791019999916898,860806,107600
biogrid_human_physical_no_string_overlap,random,50,val,common_neighbors,heuristic,0.8676753693287821,0.8643427368279655,,,,0.0,0.0,860806,107600
biogrid_human_physical_no_string_overlap,random,50,val,jaccard,heuristic,0.7970486154489298,0.7274414446723712,,,,0.0,0.0,860806,107600
biogrid_human_physical_no_string_overlap,random,50,val,adamic_adar,heuristic,0.8731939091845055,0.8792800285499337,,,,0.0,0.0,860806,107600
biogrid_human_physical_no_string_overlap,random,50,val,preferential_attachment,heuristic,0.9394739737220326,0.9353660750613297,,,,0.0,0.0,860806,107600
biogrid_human_physical_no_string_overlap,random,50,test,common_neighbors,heuristic,0.868775249443761,0.8643598717100749,,,,0.0,0.0,860806,107600
biogrid_human_physical_no_string_overlap,random,50,test,jaccard,heuristic,0.7979142979298239,0.7271139937220619,,,,0.0,0.0,860806,107600
biogrid_human_physical_no_string_overlap,random,50,test,adamic_adar,heuristic,0.874562854990948,0.8796629928493584,,,,0.0,0.0,860806,107600
biogrid_human_physical_no_string_overlap,random,50,test,preferential_attachment,heuristic,0.9398624756429568,0.935636060173559,,,,0.0,0.0,860806,107600
biogrid_human_physical_no_string_overlap,random,50,val,logistic_regression,supervised_pair_features,0.9388144371622836,0.9334572412022359,0.10316690551253076,0.3521688130228332,0.06029479112669364,1.1496410000036121,0.007553599993116222,860806,107600
biogrid_human_physical_no_string_overlap,random,50,test,logistic_regression,supervised_pair_features,0.9393401616547589,0.9339816855398004,0.10296018416819723,0.35042799807241115,0.06155877976598374,1.1496410000036121,0.007529399998020381,860806,107600
biogrid_human_physical_no_string_overlap,random,50,val,hist_gradient_boosting,supervised_pair_features,0.9449011546274926,0.9425461863654293,0.09290799709426727,0.2993966528351474,0.0032137201655808726,3.447520000001532,0.1350285000007716,860806,107600
biogrid_human_physical_no_string_overlap,random,50,test,hist_gradient_boosting,supervised_pair_features,0.9456033225770788,0.9432545812111942,0.09246871616743443,0.29719719799069727,0.002221910079448157,3.447520000001532,0.1444673000005423,860806,107600
biogrid_human_physical_no_string_overlap,random,51,val,common_neighbors,heuristic,0.8665961655795248,0.8633826365403655,,,,0.0,0.0,860806,107600
biogrid_human_physical_no_string_overlap,random,51,val,jaccard,heuristic,0.795267552099888,0.7254531728391124,,,,0.0,0.0,860806,107600
biogrid_human_physical_no_string_overlap,random,51,val,adamic_adar,heuristic,0.8723254061234642,0.8788432504473274,,,,0.0,0.0,860806,107600
biogrid_human_physical_no_string_overlap,random,51,val,preferential_attachment,heuristic,0.9390131616133,0.9352828210411673,,,,0.0,0.0,860806,107600
biogrid_human_physical_no_string_overlap,random,51,test,common_neighbors,heuristic,0.8697117069277649,0.8652346201356869,,,,0.0,0.0,860806,107600
biogrid_human_physical_no_string_overlap,random,51,test,jaccard,heuristic,0.801411031494866,0.732861566104733,,,,0.0,0.0,860806,107600
biogrid_human_physical_no_string_overlap,random,51,test,adamic_adar,heuristic,0.8749856321084561,0.879923334603723,,,,0.0,0.0,860806,107600
biogrid_human_physical_no_string_overlap,random,51,test,preferential_attachment,heuristic,0.9390109276751288,0.934648682746605,,,,0.0,0.0,860806,107600
biogrid_human_physical_no_string_overlap,random,51,val,logistic_regression,supervised_pair_features,0.9384960817982062,0.9336849385173168,0.10385571715119328,0.35132096584627204,0.061366107004161556,1.0430231999998796,0.007360399999015499,860806,107600
biogrid_human_physical_no_string_overlap,random,51,test,logistic_regression,supervised_pair_features,0.9381170658227498,0.9317828367680003,0.10386710964008325,0.3559418745660621,0.06283307661337344,1.0430231999998796,0.007989000005181879,860806,107600
biogrid_human_physical_no_string_overlap,random,51,val,hist_gradient_boosting,supervised_pair_features,0.944791616340294,0.9426965934747219,0.09328584913966645,0.29951310548244214,0.0027448741792988913,3.387027599994326,0.14800210000248626,860806,107600
biogrid_human_physical_no_string_overlap,random,51,test,hist_gradient_boosting,supervised_pair_features,0.9447782501969294,0.9420977165209843,0.09302616737386671,0.2994982882655451,0.0031754570436443343,3.387027599994326,0.1430502000002889,860806,107600
biogrid_human_physical_no_string_overlap,degree_matched,42,val,common_neighbors,heuristic,0.5949546979726649,0.5870237414005434,,,,0.0,0.0,860806,107600
biogrid_human_physical_no_string_overlap,degree_matched,42,val,jaccard,heuristic,0.5793747386368348,0.5678207127110644,,,,0.0,0.0,860806,107600
biogrid_human_physical_no_string_overlap,degree_matched,42,val,adamic_adar,heuristic,0.6006163290653804,0.5938699008635366,,,,0.0,0.0,860806,107600
biogrid_human_physical_no_string_overlap,degree_matched,42,val,preferential_attachment,heuristic,0.5470587244855655,0.5530001809990086,,,,0.0,0.0,860806,107600
biogrid_human_physical_no_string_overlap,degree_matched,42,test,common_neighbors,heuristic,0.5965382540318679,0.5899756914654402,,,,0.0,0.0,860806,107600
biogrid_human_physical_no_string_overlap,degree_matched,42,test,jaccard,heuristic,0.5798391718259837,0.569778253018162,,,,0.0,0.0,860806,107600
biogrid_human_physical_no_string_overlap,degree_matched,42,test,adamic_adar,heuristic,0.6020390006357015,0.5968368228620986,,,,0.0,0.0,860806,107600
biogrid_human_physical_no_string_overlap,degree_matched,42,test,preferential_attachment,heuristic,0.5477677543842677,0.5552059164494121,,,,0.0,0.0,860806,107600
biogrid_human_physical_no_string_overlap,degree_matched,42,val,logistic_regression,supervised_pair_features,0.6014735938558062,0.5920897851094523,0.24334221704661899,0.6804037073461746,0.020844291204954752,0.6741173999980674,0.008723600003577303,860806,107600
biogrid_human_physical_no_string_overlap,degree_matched,42,test,logistic_regression,supervised_pair_features,0.602700688216028,0.5950384218377259,0.243020071920175,0.6795286652148494,0.02063354421409959,0.6741173999980674,0.008858399996825028,860806,107600
biogrid_human_physical_no_string_overlap,degree_matched,42,val,hist_gradient_boosting,supervised_pair_features,0.6836334974986525,0.6826770774570189,0.22478618246021398,0.6404680263850451,0.02362021950128819,3.4241121000013663,0.13514929999655578,860806,107600
biogrid_human_physical_no_string_overlap,degree_matched,42,test,hist_gradient_boosting,supervised_pair_features,0.6840320682066308,0.6833965047529591,0.224669672674453,0.6401794121623183,0.022861329677586226,3.4241121000013663,0.1395362000039313,860806,107600
biogrid_human_physical_no_string_overlap,degree_matched,43,val,common_neighbors,heuristic,0.5941421323295698,0.5875330051019776,,,,0.0,0.0,860806,107600
biogrid_human_physical_no_string_overlap,degree_matched,43,val,jaccard,heuristic,0.5791947186675143,0.5690058171586906,,,,0.0,0.0,860806,107600
biogrid_human_physical_no_string_overlap,degree_matched,43,val,adamic_adar,heuristic,0.5997458323544451,0.5942617556602674,,,,0.0,0.0,860806,107600
biogrid_human_physical_no_string_overlap,degree_matched,43,val,preferential_attachment,heuristic,0.5468669454194939,0.5533013288836122,,,,0.0,0.0,860806,107600
biogrid_human_physical_no_string_overlap,degree_matched,43,test,common_neighbors,heuristic,0.5963137931689723,0.5886124965056817,,,,0.0,0.0,860806,107600
biogrid_human_physical_no_string_overlap,degree_matched,43,test,jaccard,heuristic,0.5791682437708158,0.5663347654097397,,,,0.0,0.0,860806,107600
biogrid_human_physical_no_string_overlap,degree_matched,43,test,adamic_adar,heuristic,0.6020381826881884,0.5957348747221165,,,,0.0,0.0,860806,107600
biogrid_human_physical_no_string_overlap,degree_matched,43,test,preferential_attachment,heuristic,0.549724775777007,0.5562697026656245,,,,0.0,0.0,860806,107600
biogrid_human_physical_no_string_overlap,degree_matched,43,val,logistic_regression,supervised_pair_features,0.600106164059369,0.5926945825746431,0.2432772275333027,0.6800313385576425,0.017811842453676955,0.7247487999993609,0.0087439999988419,860806,107600
biogrid_human_physical_no_string_overlap,degree_matched,43,test,logistic_regression,supervised_pair_features,0.6007497742223021,0.591422104394486,0.2434100678192471,0.6802827393900385,0.01841371794265373,0.7247487999993609,0.00911919999634847,860806,107600
biogrid_human_physical_no_string_overlap,degree_matched,43,val,hist_gradient_boosting,supervised_pair_features,0.6821583180166111,0.6816321618597418,0.22509171633113165,0.64102388444107,0.022786130474022562,3.3194185999964247,0.1310890000022482,860806,107600
biogrid_human_physical_no_string_overlap,degree_matched,43,test,hist_gradient_boosting,supervised_pair_features,0.6831567140794074,0.6821057822892224,0.22492969866710139,0.6407896782001908,0.02267208516166205,3.3194185999964247,0.13232609999977285,860806,107600
biogrid_human_physical_no_string_overlap,degree_matched,44,val,common_neighbors,heuristic,0.5944782351681155,0.5855418266513511,,,,0.0,0.0,860806,107600
biogrid_human_physical_no_string_overlap,degree_matched,44,val,jaccard,heuristic,0.5789472269247247,0.5670338258166198,,,,0.0,0.0,860806,107600
biogrid_human_physical_no_string_overlap,degree_matched,44,val,adamic_adar,heuristic,0.6001351095548707,0.5924625490881783,,,,0.0,0.0,860806,107600
biogrid_human_physical_no_string_overlap,degree_matched,44,val,preferential_attachment,heuristic,0.5461033161855142,0.5519601147865898,,,,0.0,0.0,860806,107600
biogrid_human_physical_no_string_overlap,degree_matched,44,test,common_neighbors,heuristic,0.5964450945606058,0.5898535182018719,,,,0.0,0.0,860806,107600
biogrid_human_physical_no_string_overlap,degree_matched,44,test,jaccard,heuristic,0.5803246970052929,0.5706032406751478,,,,0.0,0.0,860806,107600
biogrid_human_physical_no_string_overlap,degree_matched,44,test,adamic_adar,heuristic,0.6021557610453144,0.5968016887490406,,,,0.0,0.0,860806,107600
biogrid_human_physical_no_string_overlap,degree_matched,44,test,preferential_attachment,heuristic,0.5488108183275521,0.5555756865667419,,,,0.0,0.0,860806,107600
biogrid_human_physical_no_string_overlap,degree_matched,44,val,logistic_regression,supervised_pair_features,0.6006585638327275,0.5905995635429987,0.2434903278058784,0.6807417928595673,0.019427586824108625,0.6933213000011165,0.0091963000013493,860806,107600
biogrid_human_physical_no_string_overlap,degree_matched,44,test,logistic_regression,supervised_pair_features,0.6030395076422382,0.5958116810889429,0.24289947422224745,0.6795738754192414,0.01988557248506925,0.6933213000011165,0.008772599998337682,860806,107600
biogrid_human_physical_no_string_overlap,degree_matched,44,val,hist_gradient_boosting,supervised_pair_features,0.6836429102002459,0.6819075203858526,0.22474332112191678,0.64033037439171,0.02292364284105777,3.291601899996749,0.12882920000265585,860806,107600
biogrid_human_physical_no_string_overlap,degree_matched,44,test,hist_gradient_boosting,supervised_pair_features,0.6838162801785492,0.6838605722312671,0.22473879239640043,0.6403544119606885,0.023752897370818867,3.291601899996749,0.12819239999953425,860806,107600
biogrid_human_physical_no_string_overlap,degree_matched,45,val,common_neighbors,heuristic,0.5952565166318873,0.5876251511858372,,,,0.0,0.0,860806,107600
biogrid_human_physical_no_string_overlap,degree_matched,45,val,jaccard,heuristic,0.5801779204267492,0.5694627241995482,,,,0.0,0.0,860806,107600
biogrid_human_physical_no_string_overlap,degree_matched,45,val,adamic_adar,heuristic,0.6009523916543442,0.5943277565998015,,,,0.0,0.0,860806,107600
biogrid_human_physical_no_string_overlap,degree_matched,45,val,preferential_attachment,heuristic,0.5468412086621246,0.5525315190725308,,,,0.0,0.0,860806,107600
biogrid_human_physical_no_string_overlap,degree_matched,45,test,common_neighbors,heuristic,0.5950789886817484,0.5888968348893697,,,,0.0,0.0,860806,107600
biogrid_human_physical_no_string_overlap,degree_matched,45,test,jaccard,heuristic,0.577621654102348,0.567403716972984,,,,0.0,0.0,860806,107600
biogrid_human_physical_no_string_overlap,degree_matched,45,test,adamic_adar,heuristic,0.6012150314050386,0.59569356489493,,,,0.0,0.0,860806,107600
biogrid_human_physical_no_string_overlap,degree_matched,45,test,preferential_attachment,heuristic,0.5492153198891667,0.5558100235848281,,,,0.0,0.0,860806,107600
biogrid_human_physical_no_string_overlap,degree_matched,45,val,logistic_regression,supervised_pair_features,0.6005362360249307,0.593132812904571,0.24319991048479517,0.6799940560462909,0.018404725185500348,0.6697882000007667,0.008871700003510341,860806,107600
biogrid_human_physical_no_string_overlap,degree_matched,45,test,logistic_regression,supervised_pair_features,0.5984426141153384,0.5930026258151666,0.24322050608771786,0.6798791930227247,0.017273249667677387,0.6697882000007667,0.008695700002135709,860806,107600
biogrid_human_physical_no_string_overlap,degree_matched,45,val,hist_gradient_boosting,supervised_pair_features,0.6836561054988184,0.6842302308340115,0.22468899820286092,0.640199527849207,0.0228260225344094,3.421747599997616,0.1555506000004243,860806,107600
biogrid_human_physical_no_string_overlap,degree_matched,45,test,hist_gradient_boosting,supervised_pair_features,0.6839407686806428,0.6837487991431545,0.22465718373500415,0.6401161708528333,0.02341809296250204,3.421747599997616,0.1406459999998333,860806,107600
biogrid_human_physical_no_string_overlap,degree_matched,46,val,common_neighbors,heuristic,0.5948205566534459,0.5879399334365669,,,,0.0,0.0,860806,107600
biogrid_human_physical_no_string_overlap,degree_matched,46,val,jaccard,heuristic,0.5788158541894114,0.5681313521361904,,,,0.0,0.0,860806,107600
biogrid_human_physical_no_string_overlap,degree_matched,46,val,adamic_adar,heuristic,0.6009374153549565,0.5950666391450302,,,,0.0,0.0,860806,107600
biogrid_human_physical_no_string_overlap,degree_matched,46,val,preferential_attachment,heuristic,0.5478616583864236,0.5542071317663824,,,,0.0,0.0,860806,107600
biogrid_human_physical_no_string_overlap,degree_matched,46,test,common_neighbors,heuristic,0.5952131650681997,0.5883964880946185,,,,0.0,0.0,860806,107600
biogrid_human_physical_no_string_overlap,degree_matched,46,test,jaccard,heuristic,0.5791776424800652,0.5666594215079893,,,,0.0,0.0,860806,107600
biogrid_human_physical_no_string_overlap,degree_matched,46,test,adamic_adar,heuristic,0.6010684365542212,0.5953850626013577,,,,0.0,0.0,860806,107600
biogrid_human_physical_no_string_overlap,degree_matched,46,test,preferential_attachment,heuristic,0.548251559714487,0.5554610538936813,,,,0.0,0.0,860806,107600
biogrid_human_physical_no_string_overlap,degree_matched,46,val,logistic_regression,supervised_pair_features,0.599572274429596,0.5914053788821169,0.24338249747031554,0.6802184790266312,0.019534735319955508,0.6900380000006407,0.008811100000457373,860806,107600
biogrid_human_physical_no_string_overlap,degree_matched,46,test,logistic_regression,supervised_pair_features,0.5996439565166319,0.5913086982233011,0.24337931304875837,0.6802868859755995,0.018892748529370874,0.6900380000006407,0.008601999994425569,860806,107600
biogrid_human_physical_no_string_overlap,degree_matched,46,val,hist_gradient_boosting,supervised_pair_features,0.6857121735119747,0.6864324527700585,0.22430173809750809,0.6393773303705571,0.025147663866139862,3.368565299999318,0.13278329999593552,860806,107600
biogrid_human_physical_no_string_overlap,degree_matched,46,test,hist_gradient_boosting,supervised_pair_features,0.6834414131921891,0.6819832314167382,0.22485453569842034,0.6406080538101785,0.023919090205532127,3.368565299999318,0.14210170000296785,860806,107600
biogrid_human_physical_no_string_overlap,degree_matched,47,val,common_neighbors,heuristic,0.5939085116637415,0.5881378862338474,,,,0.0,0.0,860806,107600
biogrid_human_physical_no_string_overlap,degree_matched,47,val,jaccard,heuristic,0.5779628428987991,0.5675691104095405,,,,0.0,0.0,860806,107600
biogrid_human_physical_no_string_overlap,degree_matched,47,val,adamic_adar,heuristic,0.5996896750321306,0.5947899821654392,,,,0.0,0.0,860806,107600
biogrid_human_physical_no_string_overlap,degree_matched,47,val,preferential_attachment,heuristic,0.5466475131631681,0.5536713914122924,,,,0.0,0.0,860806,107600
biogrid_human_physical_no_string_overlap,degree_matched,47,test,common_neighbors,heuristic,0.5963431741545862,0.5892552449019155,,,,0.0,0.0,860806,107600
biogrid_human_physical_no_string_overlap,degree_matched,47,test,jaccard,heuristic,0.5796560997982338,0.567457079594953,,,,0.0,0.0,860806,107600
biogrid_human_physical_no_string_overlap,degree_matched,47,test,adamic_adar,heuristic,0.6023071894736114,0.5961510662814882,,,,0.0,0.0,860806,107600
biogrid_human_physical_no_string_overlap,degree_matched,47,test,preferential_attachment,heuristic,0.5495733133179475,0.555929954908914,,,,0.0,0.0,860806,107600
biogrid_human_physical_no_string_overlap,degree_matched,47,val,logistic_regression,supervised_pair_features,0.599997817539835,0.5926858588561984,0.2432487709525746,0.6798433746077778,0.017149781012897,0.6949994999959017,0.009061299999302719,860806,107600
biogrid_human_physical_no_string_overlap,degree_matched,47,test,logistic_regression,supervised_pair_features,0.6011114711308577,0.5932556560014313,0.24317706365803438,0.6798674196974737,0.01937486239010749,0.6949994999959017,0.009918099996866658,860806,107600
biogrid_human_physical_no_string_overlap,degree_matched,47,val,hist_gradient_boosting,supervised_pair_features,0.6843505206533906,0.6844947646154274,0.22450756632472685,0.6398385995019744,0.022902516271542328,3.357345099997474,0.13568500000110362,860806,107600
biogrid_human_physical_no_string_overlap,degree_matched,47,test,hist_gradient_boosting,supervised_pair_features,0.6862846486712455,0.6855020139435792,0.22422934280532553,0.6393328544959341,0.02479864513777091,3.357345099997474,0.143327900004806,860806,107600
biogrid_human_physical_no_string_overlap,degree_matched,48,val,common_neighbors,heuristic,0.5948721065214687,0.588361810455291,,,,0.0,0.0,860806,107600
biogrid_human_physical_no_string_overlap,degree_matched,48,val,jaccard,heuristic,0.5797240547394314,0.5697051714608872,,,,0.0,0.0,860806,107600
biogrid_human_physical_no_string_overlap,degree_matched,48,val,adamic_adar,heuristic,0.6004484568690316,0.5949177492012819,,,,0.0,0.0,860806,107600
biogrid_human_physical_no_string_overlap,degree_matched,48,val,preferential_attachment,heuristic,0.5470035830765192,0.5530566546067295,,,,0.0,0.0,860806,107600
biogrid_human_physical_no_string_overlap,degree_matched,48,test,common_neighbors,heuristic,0.5961187877447798,0.589648748708819,,,,0.0,0.0,860806,107600
biogrid_human_physical_no_string_overlap,degree_matched,48,test,jaccard,heuristic,0.5795910426541923,0.5701071316160575,,,,0.0,0.0,860806,107600
biogrid_human_physical_no_string_overlap,degree_matched,48,test,adamic_adar,heuristic,0.6020956946766904,0.596899962553308,,,,0.0,0.0,860806,107600
biogrid_human_physical_no_string_overlap,degree_matched,48,test,preferential_attachment,heuristic,0.5487571454236397,0.5554279275518512,,,,0.0,0.0,860806,107600
biogrid_human_physical_no_string_overlap,degree_matched,48,val,logistic_regression,supervised_pair_features,0.6005191774574701,0.5938007052128623,0.2432085278937962,0.6798906028563013,0.019038195029754845,0.6917976999975508,0.00919590000557946,860806,107600
biogrid_human_physical_no_string_overlap,degree_matched,48,test,logistic_regression,supervised_pair_features,0.6015084455024116,0.5950662218611991,0.2431079855492433,0.679772110717019,0.020810793093615845,0.6917976999975508,0.00913589999981923,860806,107600
biogrid_human_physical_no_string_overlap,degree_matched,48,val,hist_gradient_boosting,supervised_pair_features,0.6852473131244732,0.6836607059399633,0.22451104353006235,0.6398720540215743,0.025161411904174296,3.405203700000129,0.13978769999812357,860806,107600
biogrid_human_physical_no_string_overlap,degree_matched,48,test,hist_gradient_boosting,supervised_pair_features,0.6840035943049433,0.6838080852426625,0.22478355823767107,0.6404699440965932,0.02293607225104049,3.405203700000129,0.16345819999696687,860806,107600
biogrid_human_physical_no_string_overlap,degree_matched,49,val,common_neighbors,heuristic,0.59492023880267,0.5871433751590426,,,,0.0,0.0,860806,107600
biogrid_human_physical_no_string_overlap,degree_matched,49,val,jaccard,heuristic,0.5801860617252388,0.5685444512408889,,,,0.0,0.0,860806,107600
biogrid_human_physical_no_string_overlap,degree_matched,49,val,adamic_adar,heuristic,0.6006039971462529,0.5940078711904169,,,,0.0,0.0,860806,107600
biogrid_human_physical_no_string_overlap,degree_matched,49,val,preferential_attachment,heuristic,0.5469119278686033,0.5533816024506234,,,,0.0,0.0,860806,107600
biogrid_human_physical_no_string_overlap,degree_matched,49,test,common_neighbors,heuristic,0.5962130788684512,0.5897185977232335,,,,0.0,0.0,860806,107600
biogrid_human_physical_no_string_overlap,degree_matched,49,test,jaccard,heuristic,0.5801197680725805,0.5697420947048267,,,,0.0,0.0,860806,107600
biogrid_human_physical_no_string_overlap,degree_matched,49,test,adamic_adar,heuristic,0.602094141008278,0.5966470107478756,,,,0.0,0.0,860806,107600
biogrid_human_physical_no_string_overlap,degree_matched,49,test,preferential_attachment,heuristic,0.548051203687069,0.5550946256302222,,,,0.0,0.0,860806,107600
biogrid_human_physical_no_string_overlap,degree_matched,49,val,logistic_regression,supervised_pair_features,0.600709047000456,0.5917153407844563,0.24339411303673483,0.6804049176469417,0.0193742065806116,0.6675649000026169,0.008896799998183269,860806,107600
biogrid_human_physical_no_string_overlap,degree_matched,49,test,logistic_regression,supervised_pair_features,0.6012401215779218,0.5942481206410047,0.24311869331075003,0.6797021096055123,0.01984580698995525,0.6675649000026169,0.008866800002579112,860806,107600
biogrid_human_physical_no_string_overlap,degree_matched,49,val,hist_gradient_boosting,supervised_pair_features,0.6837822084755601,0.6836929955645584,0.22486159606981596,0.6405984973682586,0.023531087192903345,3.3271298999970895,0.13003350000508362,860806,107600
biogrid_human_physical_no_string_overlap,degree_matched,49,test,hist_gradient_boosting,supervised_pair_features,0.6848602931827917,0.6844719788828991,0.2245201992304225,0.6398142853954748,0.025671454469430824,3.3271298999970895,0.13923239999712678,860806,107600
biogrid_human_physical_no_string_overlap,degree_matched,50,val,common_neighbors,heuristic,0.5954292828664612,0.5902841628955644,,,,0.0,0.0,860806,107600
biogrid_human_physical_no_string_overlap,degree_matched,50,val,jaccard,heuristic,0.579478411368002,0.5704963977897815,,,,0.0,0.0,860806,107600
biogrid_human_physical_no_string_overlap,degree_matched,50,val,adamic_adar,heuristic,0.6007671874352206,0.5967121658513158,,,,0.0,0.0,860806,107600
biogrid_human_physical_no_string_overlap,degree_matched,50,val,preferential_attachment,heuristic,0.5479109300935587,0.5540140332698624,,,,0.0,0.0,860806,107600
biogrid_human_physical_no_string_overlap,degree_matched,50,test,common_neighbors,heuristic,0.5973105823579,0.5914245681991704,,,,0.0,0.0,860806,107600
biogrid_human_physical_no_string_overlap,degree_matched,50,test,jaccard,heuristic,0.5793640604054671,0.5684324753744745,,,,0.0,0.0,860806,107600
biogrid_human_physical_no_string_overlap,degree_matched,50,test,adamic_adar,heuristic,0.6030993625709984,0.5982779952549708,,,,0.0,0.0,860806,107600
biogrid_human_physical_no_string_overlap,degree_matched,50,test,preferential_attachment,heuristic,0.5489492784441896,0.5563152422490945,,,,0.0,0.0,860806,107600
biogrid_human_physical_no_string_overlap,degree_matched,50,val,logistic_regression,supervised_pair_features,0.6018296487403436,0.5962837099212784,0.24283566292642142,0.6792198630367031,0.018715737257625882,0.6740480000007665,0.008689800000865944,860806,107600
biogrid_human_physical_no_string_overlap,degree_matched,50,test,logistic_regression,supervised_pair_features,0.6025427509293682,0.5958074051548503,0.24290933818628038,0.6793004216544954,0.01986995680895213,0.6740480000007665,0.008418800003710203,860806,107600
biogrid_human_physical_no_string_overlap,degree_matched,50,val,hist_gradient_boosting,supervised_pair_features,0.6835511801937507,0.6836451830426935,0.22470080183542027,0.6401678877402419,0.02329948429581477,3.3496606000044267,0.14574480000010226,860806,107600
biogrid_human_physical_no_string_overlap,degree_matched,50,test,hist_gradient_boosting,supervised_pair_features,0.6857945248476389,0.6862555684553987,0.22418852422810354,0.6391106172232096,0.025309159383975703,3.3496606000044267,0.13931920000322862,860806,107600
biogrid_human_physical_no_string_overlap,degree_matched,51,val,common_neighbors,heuristic,0.5952259798095659,0.5887737223651475,,,,0.0,0.0,860806,107600
biogrid_human_physical_no_string_overlap,degree_matched,51,val,jaccard,heuristic,0.5795766067011235,0.5694937447914301,,,,0.0,0.0,860806,107600
biogrid_human_physical_no_string_overlap,degree_matched,51,val,adamic_adar,heuristic,0.6012117115918796,0.595713956391988,,,,0.0,0.0,860806,107600
biogrid_human_physical_no_string_overlap,degree_matched,51,val,preferential_attachment,heuristic,0.547696984908998,0.5542810893053354,,,,0.0,0.0,860806,107600
biogrid_human_physical_no_string_overlap,degree_matched,51,test,common_neighbors,heuristic,0.5981903544381642,0.5899352260337706,,,,0.0,0.0,860806,107600
biogrid_human_physical_no_string_overlap,degree_matched,51,test,jaccard,heuristic,0.5814732252180042,0.5688074501535904,,,,0.0,0.0,860806,107600
biogrid_human_physical_no_string_overlap,degree_matched,51,test,adamic_adar,heuristic,0.6038624025718273,0.5966544665880835,,,,0.0,0.0,860806,107600
biogrid_human_physical_no_string_overlap,degree_matched,51,test,preferential_attachment,heuristic,0.5501107993256036,0.5569785249533645,,,,0.0,0.0,860806,107600
biogrid_human_physical_no_string_overlap,degree_matched,51,val,logistic_regression,supervised_pair_features,0.6007489348544105,0.5939319158901653,0.24317748742384315,0.6800163698206899,0.019292435624116297,0.6866775000016787,0.008660300001793075,860806,107600
biogrid_human_physical_no_string_overlap,degree_matched,51,test,logistic_regression,supervised_pair_features,0.6025811168999875,0.5937863888748297,0.24317253507586195,0.67978756133075,0.020142874166412313,0.6866775000016787,0.008802600001217797,860806,107600
biogrid_human_physical_no_string_overlap,degree_matched,51,val,hist_gradient_boosting,supervised_pair_features,0.6840124649327677,0.6822795892713972,0.2248189550787925,0.6405609640334127,0.023232403292956446,3.304693199999747,0.1295380000010482,860806,107600
biogrid_human_physical_no_string_overlap,degree_matched,51,test,hist_gradient_boosting,supervised_pair_features,0.683724895489283,0.6807749372301307,0.22490837611244266,0.6407563013185483,0.024203396463099314,3.304693199999747,0.1365007999993395,860806,107600
biogrid_human_physical_no_string_overlap,random,42,val,random_forest,supervised_pair_features,0.9442760421705062,0.9419812991195211,0.09334364792345831,0.3009970272101611,0.004086641871682286,19.25501559999975,0.14221849999739788,860806,107600
biogrid_human_physical_no_string_overlap,random,42,test,random_forest,supervised_pair_features,0.9434366174458618,0.9408319566916417,0.09428385411208257,0.30334314080378505,0.003955252370931145,19.25501559999975,0.14375559999461984,860806,107600
biogrid_human_physical_no_string_overlap,random,43,val,random_forest,supervised_pair_features,0.9444685828692251,0.941892042311429,0.09311232880475842,0.3008386293488268,0.0040284100356931234,19.96221659999719,0.15346750000026077,860806,107600
biogrid_human_physical_no_string_overlap,random,43,test,random_forest,supervised_pair_features,0.9433423480880585,0.9399792665108586,0.0939001351304497,0.3036427215331444,0.0029784556916714255,19.96221659999719,0.15241990000504302,860806,107600
biogrid_human_physical_no_string_overlap,random,44,val,random_forest,supervised_pair_features,0.9447205924116582,0.9418861450124413,0.09291640692125458,0.29974858940703913,0.004059322326828592,20.528919600001245,0.15468989999499172,860806,107600
biogrid_human_physical_no_string_overlap,random,44,test,random_forest,supervised_pair_features,0.9439298562070728,0.940187776648318,0.09345053642953798,0.3017066956672311,0.0035243131145884458,20.528919600001245,0.1430185999997775,860806,107600
biogrid_human_physical_no_string_overlap,random,45,val,random_forest,supervised_pair_features,0.9439584582855405,0.9408378871118639,0.09362499272470196,0.3020612804968563,0.003116093389460631,19.987345200002892,0.1705246999990777,860806,107600
biogrid_human_physical_no_string_overlap,random,45,test,random_forest,supervised_pair_features,0.9444876725722418,0.9417274320990542,0.09294986387550659,0.3012046852926719,0.004644973231526385,19.987345200002892,0.1569448000009288,860806,107600
biogrid_human_physical_no_string_overlap,random,46,val,random_forest,supervised_pair_features,0.9446535962051381,0.9413557251885386,0.09293889933263012,0.3002969040832992,0.004481189986641124,20.80560279999918,0.1474506000013207,860806,107600
biogrid_human_physical_no_string_overlap,random,46,test,random_forest,supervised_pair_features,0.9436680979740467,0.9406017714656701,0.09400617575307692,0.3027561406594617,0.004272765998956131,20.80560279999918,0.15301020000333665,860806,107600
biogrid_human_physical_no_string_overlap,random,47,val,random_forest,supervised_pair_features,0.9425540318679951,0.9388798664430615,0.0949236320538361,0.3053692573804133,0.0042055904621806734,20.25221159999637,0.15605309999955352,860806,107600
biogrid_human_physical_no_string_overlap,random,47,test,random_forest,supervised_pair_features,0.9441612771382374,0.9407172792055553,0.09330679200524675,0.30135369924784033,0.003910168148348234,20.25221159999637,0.15298489999986487,860806,107600
biogrid_human_physical_no_string_overlap,random,48,val,random_forest,supervised_pair_features,0.9430561262282169,0.9399461244825428,0.09437620925062877,0.30425112861421005,0.0031128355197631873,20.864515699999174,0.14226400000188733,860806,107600
biogrid_human_physical_no_string_overlap,random,48,test,random_forest,supervised_pair_features,0.9436247868326861,0.9407977098873328,0.09394050846038812,0.3028476003660476,0.002859206472996726,20.864515699999174,0.13289030000305502,860806,107600
biogrid_human_physical_no_string_overlap,random,49,val,random_forest,supervised_pair_features,0.9438323637733033,0.940548756196151,0.09386622935068713,0.30194213726112384,0.004366097134359134,20.715544599996065,0.1469483000037144,860806,107600
biogrid_human_physical_no_string_overlap,random,49,test,random_forest,supervised_pair_features,0.9439579663078177,0.9412944125337203,0.0937036909758169,0.302238879145206,0.004850923206491139,20.715544599996065,0.14540869999473216,860806,107600
biogrid_human_physical_no_string_overlap,random,50,val,random_forest,supervised_pair_features,0.9440907519243792,0.9416288515635385,0.09346470111762069,0.3018598238051605,0.0033658428682874627,20.196969399999944,0.15497209999739425,860806,107600
biogrid_human_physical_no_string_overlap,random,50,test,random_forest,supervised_pair_features,0.9445907394867401,0.9419619183393608,0.09317349699269625,0.3001873444621684,0.0029260534756156116,20.196969399999944,0.14341820000117877,860806,107600
biogrid_human_physical_no_string_overlap,random,51,val,random_forest,supervised_pair_features,0.9436199396083527,0.941274866516597,0.09408299780354032,0.30287820695192436,0.004744936396792114,21.013742700000876,0.13504670000111219,860806,107600
biogrid_human_physical_no_string_overlap,random,51,test,random_forest,supervised_pair_features,0.9436545644407899,0.9406728782407149,0.0937778640971936,0.3028193904880086,0.003701054943000363,21.013742700000876,0.14574700000230223,860806,107600
biogrid_human_physical_no_string_overlap,degree_matched,42,val,random_forest,supervised_pair_features,0.6872175279155899,0.6885623474346321,0.22368559694524726,0.6378147881211238,0.024001978124288417,24.154089399999066,0.17179459999897517,860806,107600
biogrid_human_physical_no_string_overlap,degree_matched,42,test,random_forest,supervised_pair_features,0.6867312744434156,0.6870988170485803,0.22379066428015315,0.637986116340011,0.02335825083181196,24.154089399999066,0.17634509999334114,860806,107600
biogrid_human_physical_no_string_overlap,degree_matched,43,val,random_forest,supervised_pair_features,0.6847500715164246,0.6845292498260722,0.2243133603717771,0.6391184262779016,0.02328759796967716,24.02388780000183,0.1541769999967073,860806,107600
biogrid_human_physical_no_string_overlap,degree_matched,43,test,random_forest,supervised_pair_features,0.685610080533713,0.6864514441511603,0.2241489064869026,0.6389174173153941,0.023430826116678963,24.02388780000183,0.17687560000194935,860806,107600
biogrid_human_physical_no_string_overlap,degree_matched,44,val,random_forest,supervised_pair_features,0.6852689874379846,0.6860868439993191,0.22410861033234125,0.6386627637743924,0.022340662426150223,24.047266699999454,0.15247439999802737,860806,107600
biogrid_human_physical_no_string_overlap,degree_matched,44,test,random_forest,supervised_pair_features,0.6846046449399538,0.6857109604197406,0.2243402267514026,0.6392685597677255,0.0239836227011944,24.047266699999454,0.16407850000541657,860806,107600
biogrid_human_physical_no_string_overlap,degree_matched,45,val,random_forest,supervised_pair_features,0.6856610368499607,0.6867312712650153,0.22412254995339081,0.6387777184960342,0.024419297077956238,23.38505409999925,0.15334440000151517,860806,107600
biogrid_human_physical_no_string_overlap,degree_matched,45,test,random_forest,supervised_pair_features,0.6859172525600807,0.6867725616396608,0.22405556784835098,0.6386733438866696,0.02404425047029758,23.38505409999925,0.16115480000007665,860806,107600
biogrid_human_physical_no_string_overlap,degree_matched,46,val,random_forest,supervised_pair_features,0.6879192113154875,0.6882212022126712,0.22371130260656247,0.6379647964879666,0.02577536140197683,23.218674399999145,0.1797112000058405,860806,107600
biogrid_human_physical_no_string_overlap,degree_matched,46,test,random_forest,supervised_pair_features,0.6851311545583947,0.6858777610758939,0.2241937458430304,0.638958291841778,0.02377737867716266,23.218674399999145,0.1651918999996269,860806,107600
biogrid_human_physical_no_string_overlap,degree_matched,47,val,random_forest,supervised_pair_features,0.6851711593607054,0.6869215284113235,0.22399324927558387,0.6385049090590764,0.022895562430835695,26.280670999993163,0.17183790000126464,860806,107600
biogrid_human_physical_no_string_overlap,degree_matched,47,test,random_forest,supervised_pair_features,0.6876908123851245,0.6893670268768305,0.22358153166487335,0.6376721951988743,0.024682728931829854,26.280670999993163,0.16448749999835854,860806,107600
biogrid_human_physical_no_string_overlap,degree_matched,48,val,random_forest,supervised_pair_features,0.6862749697696273,0.6853808236617454,0.22404169784024197,0.638661779959526,0.026079611859728753,25.3059138000026,0.17758730000059586,860806,107600
biogrid_human_physical_no_string_overlap,degree_matched,48,test,random_forest,supervised_pair_features,0.6847644171238649,0.6859121923947374,0.22439899165208677,0.6394316317266207,0.0245614361914161,25.3059138000026,0.22761599999648752,860806,107600
biogrid_human_physical_no_string_overlap,degree_matched,49,val,random_forest,supervised_pair_features,0.6852593695153466,0.6863354936041135,0.2243283324337284,0.6392838588567901,0.025309526315792405,26.049013699994248,0.22204610000335379,860806,107600
biogrid_human_physical_no_string_overlap,degree_matched,49,test,random_forest,supervised_pair_features,0.6869196994928207,0.6868134062488157,0.22390050698816424,0.638356658784539,0.025262532435558673,26.049013699994248,0.1782937000025413,860806,107600
biogrid_human_physical_no_string_overlap,degree_matched,50,val,random_forest,supervised_pair_features,0.6840155909260512,0.68495934249159,0.22436799014556838,0.6392454234644483,0.021432219113529168,25.939998699999705,0.20470609999756562,860806,107600
biogrid_human_physical_no_string_overlap,degree_matched,50,test,random_forest,supervised_pair_features,0.6876277043227705,0.6871624633311831,0.2236290930326019,0.6377736949191107,0.024641519512304793,25.939998699999705,0.16475139999965904,860806,107600
biogrid_human_physical_no_string_overlap,degree_matched,51,val,random_forest,supervised_pair_features,0.6862293607744504,0.6851978937314381,0.22409251898565682,0.6388184000207398,0.024481830194566158,25.236270499997772,0.16681790000438923,860806,107600
biogrid_human_physical_no_string_overlap,degree_matched,51,test,random_forest,supervised_pair_features,0.6857642086206658,0.6842283395919468,0.22419492877114966,0.6389944465047181,0.024236016428135908,25.236270499997772,0.16648529999656603,860806,107600
string_human_physical_v12,random,42,val,common_neighbors,heuristic,0.9173595470376023,0.917946418087886,,,,0.0,0.0,1182090,147760
string_human_physical_v12,random,42,val,jaccard,heuristic,0.9083045178326609,0.9107892375046178,,,,0.0,0.0,1182090,147760
string_human_physical_v12,random,42,val,adamic_adar,heuristic,0.9204810981327657,0.9264227456916473,,,,0.0,0.0,1182090,147760
string_human_physical_v12,random,42,val,preferential_attachment,heuristic,0.8810741153801845,0.884568714055239,,,,0.0,0.0,1182090,147760
string_human_physical_v12,random,42,test,common_neighbors,heuristic,0.9178297532265994,0.9185603069273515,,,,0.0,0.0,1182090,147760
string_human_physical_v12,random,42,test,jaccard,heuristic,0.9085628480416742,0.9114272460110329,,,,0.0,0.0,1182090,147760
string_human_physical_v12,random,42,test,adamic_adar,heuristic,0.9211056726304293,0.9271936067214883,,,,0.0,0.0,1182090,147760
string_human_physical_v12,random,42,test,preferential_attachment,heuristic,0.8824834303252702,0.8859095785235659,,,,0.0,0.0,1182090,147760
string_human_physical_v12,random,42,val,logistic_regression,supervised_pair_features,0.9351066733899394,0.9452276149241451,0.09837807010537826,0.32715502257884654,0.026388091096341312,1.551122500000929,0.010960899999190588,1182090,147760
string_human_physical_v12,random,42,test,logistic_regression,supervised_pair_features,0.936184588061707,0.9463124898112704,0.09749383005746368,0.32367808014401783,0.026518370846951037,1.551122500000929,0.010942199995042756,1182090,147760
string_human_physical_v12,random,42,val,hist_gradient_boosting,supervised_pair_features,0.9403783350589157,0.950092909419789,0.09222848356688354,0.3007256609151494,0.003955666571248868,4.705392700001539,0.23012569999991683,1182090,147760
string_human_physical_v12,random,42,test,hist_gradient_boosting,supervised_pair_features,0.9413804706501038,0.9509314076625466,0.0915623369037198,0.29830184190489684,0.0038801580121031994,4.705392700001539,0.24034029999893392,1182090,147760
string_human_physical_v12,random,43,val,common_neighbors,heuristic,0.9179044731773586,0.9182433839308989,,,,0.0,0.0,1182090,147760
string_human_physical_v12,random,43,val,jaccard,heuristic,0.9087390109555904,0.9108662542086874,,,,0.0,0.0,1182090,147760
string_human_physical_v12,random,43,val,adamic_adar,heuristic,0.9211561679866003,0.9268962224336353,,,,0.0,0.0,1182090,147760
string_human_physical_v12,random,43,val,preferential_attachment,heuristic,0.880737782943939,0.8844874724838188,,,,0.0,0.0,1182090,147760
string_human_physical_v12,random,43,test,common_neighbors,heuristic,0.9167648668959073,0.9172037213427029,,,,0.0,0.0,1182090,147760
string_human_physical_v12,random,43,test,jaccard,heuristic,0.9074140921317262,0.9099469321637438,,,,0.0,0.0,1182090,147760
string_human_physical_v12,random,43,test,adamic_adar,heuristic,0.9200285793751203,0.9259316242524354,,,,0.0,0.0,1182090,147760
string_human_physical_v12,random,43,test,preferential_attachment,heuristic,0.8809489047450774,0.8843225962576068,,,,0.0,0.0,1182090,147760
string_human_physical_v12,random,43,val,logistic_regression,supervised_pair_features,0.9354870419744452,0.945703356871634,0.09769902948013102,0.32578690373773955,0.026461794692159517,1.5354265999994823,0.010554499996942468,1182090,147760
string_human_physical_v12,random,43,test,logistic_regression,supervised_pair_features,0.9351650725550645,0.9452345590856794,0.0986880697254149,0.3273661381459108,0.02750661754620643,1.5354265999994823,0.01210690000152681,1182090,147760
string_human_physical_v12,random,43,val,hist_gradient_boosting,supervised_pair_features,0.9408631109242545,0.9504351396284273,0.091484247898092,0.29920095549350795,0.004885120914650742,4.6100235000049,0.23026230000687065,1182090,147760
string_human_physical_v12,random,43,test,hist_gradient_boosting,supervised_pair_features,0.9404120215613255,0.9498171132613816,0.09262259633487566,0.30122826197007296,0.002918146842823872,4.6100235000049,0.24034240000037244,1182090,147760
string_human_physical_v12,random,44,val,common_neighbors,heuristic,0.9167301200728204,0.9175371553831483,,,,0.0,0.0,1182090,147760
string_human_physical_v12,random,44,val,jaccard,heuristic,0.9073075084224729,0.9098987494103096,,,,0.0,0.0,1182090,147760
string_human_physical_v12,random,44,val,adamic_adar,heuristic,0.9199802348897481,0.9261548190782067,,,,0.0,0.0,1182090,147760
string_human_physical_v12,random,44,val,preferential_attachment,heuristic,0.8813300331878998,0.8851038303846336,,,,0.0,0.0,1182090,147760
string_human_physical_v12,random,44,test,common_neighbors,heuristic,0.9169479499709652,0.9176157319152642,,,,0.0,0.0,1182090,147760
string_human_physical_v12,random,44,test,jaccard,heuristic,0.9079934278988536,0.9109793056592234,,,,0.0,0.0,1182090,147760
string_human_physical_v12,random,44,test,adamic_adar,heuristic,0.9201784542142266,0.9262033813980254,,,,0.0,0.0,1182090,147760
string_human_physical_v12,random,44,test,preferential_attachment,heuristic,0.8801153108583578,0.8834859792900525,,,,0.0,0.0,1182090,147760
string_human_physical_v12,random,44,val,logistic_regression,supervised_pair_features,0.9353211777743448,0.9454394568813888,0.09817757517216447,0.3268481163517422,0.026009589982963436,1.5355932999955257,0.010467200001585297,1182090,147760
string_human_physical_v12,random,44,test,logistic_regression,supervised_pair_features,0.9349523683798981,0.9453516620383295,0.09835503719841696,0.3266552485086,0.025416933887215547,1.5355932999955257,0.01003629999468103,1182090,147760
string_human_physical_v12,random,44,val,hist_gradient_boosting,supervised_pair_features,0.9402402446650342,0.9499193589127422,0.09244108356594398,0.3010331608928595,0.004439705998539245,4.55290370000148,0.25571599999966566,1182090,147760
string_human_physical_v12,random,44,test,hist_gradient_boosting,supervised_pair_features,0.9400987894591356,0.949913409628954,0.09237231747677803,0.30102394883068917,0.004300951267377957,4.55290370000148,0.24381680000078632,1182090,147760
string_human_physical_v12,random,45,val,common_neighbors,heuristic,0.9176018732289208,0.9183577914160955,,,,0.0,0.0,1182090,147760
string_human_physical_v12,random,45,val,jaccard,heuristic,0.9082484380903902,0.911250628791957,,,,0.0,0.0,1182090,147760
string_human_physical_v12,random,45,val,adamic_adar,heuristic,0.9208584073142504,0.9270376565742384,,,,0.0,0.0,1182090,147760
string_human_physical_v12,random,45,val,preferential_attachment,heuristic,0.8822186554734424,0.8857203230176506,,,,0.0,0.0,1182090,147760
string_human_physical_v12,random,45,test,common_neighbors,heuristic,0.9177247627006904,0.9180441109035758,,,,0.0,0.0,1182090,147760
string_human_physical_v12,random,45,test,jaccard,heuristic,0.9083451870620027,0.9108549992259127,,,,0.0,0.0,1182090,147760
string_human_physical_v12,random,45,test,adamic_adar,heuristic,0.9209908092594584,0.9267225696323669,,,,0.0,0.0,1182090,147760
string_human_physical_v12,random,45,test,preferential_attachment,heuristic,0.8812104849858226,0.8845298378987806,,,,0.0,0.0,1182090,147760
string_human_physical_v12,random,45,val,logistic_regression,supervised_pair_features,0.936063645457786,0.9462676445864604,0.09774727967677309,0.3239303473283033,0.027105242548132794,1.467571900000621,0.010434199997689575,1182090,147760
string_human_physical_v12,random,45,test,logistic_regression,supervised_pair_features,0.935484813697947,0.9452928002631633,0.09820398365171852,0.32764961361733835,0.02695276004575242,1.467571900000621,0.00977460000285646,1182090,147760
string_human_physical_v12,random,45,val,hist_gradient_boosting,supervised_pair_features,0.9412302811499589,0.9508016489844169,0.0918591685737797,0.2989182397681023,0.00319784768595314,4.391891200000828,0.22322920000442537,1182090,147760
string_human_physical_v12,random,45,test,hist_gradient_boosting,supervised_pair_features,0.9408054305786847,0.9500935406355875,0.09202142279878409,0.30016264590545416,0.003625625691603836,4.391891200000828,0.23250589999952354,1182090,147760
string_human_physical_v12,random,46,val,common_neighbors,heuristic,0.9173712254049574,0.9178783264684118,,,,0.0,0.0,1182090,147760
string_human_physical_v12,random,46,val,jaccard,heuristic,0.9085013246176287,0.9111996076628149,,,,0.0,0.0,1182090,147760
string_human_physical_v12,random,46,val,adamic_adar,heuristic,0.9206141103463409,0.9264623455418921,,,,0.0,0.0,1182090,147760
string_human_physical_v12,random,46,val,preferential_attachment,heuristic,0.8801605175273617,0.88329234125558,,,,0.0,0.0,1182090,147760
string_human_physical_v12,random,46,test,common_neighbors,heuristic,0.918436155705751,0.918969980268948,,,,0.0,0.0,1182090,147760
string_human_physical_v12,random,46,test,jaccard,heuristic,0.9089156031276228,0.9114269842887611,,,,0.0,0.0,1182090,147760
string_human_physical_v12,random,46,test,adamic_adar,heuristic,0.9216504547681031,0.9275086122139692,,,,0.0,0.0,1182090,147760
string_human_physical_v12,random,46,test,preferential_attachment,heuristic,0.8827123645977366,0.8860788170747571,,,,0.0,0.0,1182090,147760
string_human_physical_v12,random,46,val,logistic_regression,supervised_pair_features,0.9353940240491538,0.9453739435035571,0.09773636709198606,0.3270065778477934,0.024195535948875517,1.38873859999876,0.010391100004198961,1182090,147760
string_human_physical_v12,random,46,test,logistic_regression,supervised_pair_features,0.9366235098899018,0.9466374336794798,0.09714698500776255,0.3227010711762064,0.02626381122174492,1.38873859999876,0.010128699999768287,1182090,147760
string_human_physical_v12,random,46,val,hist_gradient_boosting,supervised_pair_features,0.9404981545931608,0.9500196261483241,0.09204544668299305,0.30018607056484814,0.004728308733232189,4.519842800000333,0.23850659999880008,1182090,147760
string_human_physical_v12,random,46,test,hist_gradient_boosting,supervised_pair_features,0.9417166118164078,0.9511214699191769,0.09134190050975603,0.297833224895077,0.004047512501642383,4.519842800000333,0.2307236000051489,1182090,147760
string_human_physical_v12,random,47,val,common_neighbors,heuristic,0.9175717955725919,0.9181960575732536,,,,0.0,0.0,1182090,147760
string_human_physical_v12,random,47,val,jaccard,heuristic,0.9086393368729755,0.9114970235124024,,,,0.0,0.0,1182090,147760
string_human_physical_v12,random,47,val,adamic_adar,heuristic,0.9208032598297361,0.9268387487606269,,,,0.0,0.0,1182090,147760
string_human_physical_v12,random,47,val,preferential_attachment,heuristic,0.8824041017582471,0.8859021408759904,,,,0.0,0.0,1182090,147760
string_human_physical_v12,random,47,test,common_neighbors,heuristic,0.9168408321165828,0.9173522342814707,,,,0.0,0.0,1182090,147760
string_human_physical_v12,random,47,test,jaccard,heuristic,0.9079985857749686,0.9104536234640691,,,,0.0,0.0,1182090,147760
string_human_physical_v12,random,47,test,adamic_adar,heuristic,0.9200901290896224,0.9259899098449326,,,,0.0,0.0,1182090,147760
string_human_physical_v12,random,47,test,preferential_attachment,heuristic,0.88014426855956,0.8836621038007397,,,,0.0,0.0,1182090,147760
string_human_physical_v12,random,47,val,logistic_regression,supervised_pair_features,0.9365877000896111,0.9465427989555593,0.09759769536614528,0.3234747089801084,0.02822581245816927,1.5103411999953096,0.010625200004142243,1182090,147760
string_human_physical_v12,random,47,test,logistic_regression,supervised_pair_features,0.9350948327912308,0.9451672014974033,0.09832088161741208,0.32769970403913684,0.025529894427705733,1.5103411999953096,0.011118700000224635,1182090,147760
string_human_physical_v12,random,47,val,hist_gradient_boosting,supervised_pair_features,0.9415928265454244,0.9508790699755871,0.09171273883997101,0.29823075043242064,0.003070099550822306,4.428075299998454,0.2353478999939398,1182090,147760
string_human_physical_v12,random,47,test,hist_gradient_boosting,supervised_pair_features,0.9402883851474566,0.9496957483884217,0.0924206823534144,0.30102499508189673,0.0035402375298645423,4.428075299998454,0.22520250000525266,1182090,147760
string_human_physical_v12,random,48,val,common_neighbors,heuristic,0.917130356181273,0.9177308876741685,,,,0.0,0.0,1182090,147760
string_human_physical_v12,random,48,val,jaccard,heuristic,0.9076466887472303,0.9096375909585002,,,,0.0,0.0,1182090,147760
string_human_physical_v12,random,48,val,adamic_adar,heuristic,0.9203332086353471,0.9262883264543597,,,,0.0,0.0,1182090,147760
string_human_physical_v12,random,48,val,preferential_attachment,heuristic,0.8804847914380832,0.884513340674011,,,,0.0,0.0,1182090,147760
string_human_physical_v12,random,48,test,common_neighbors,heuristic,0.9186151578057631,0.9191899103880646,,,,0.0,0.0,1182090,147760
string_human_physical_v12,random,48,test,jaccard,heuristic,0.909478949350547,0.911998088573937,,,,0.0,0.0,1182090,147760
string_human_physical_v12,random,48,test,adamic_adar,heuristic,0.9219402670201668,0.9278627613283095,,,,0.0,0.0,1182090,147760
string_human_physical_v12,random,48,test,preferential_attachment,heuristic,0.8813765519980161,0.8847154175351296,,,,0.0,0.0,1182090,147760
string_human_physical_v12,random,48,val,logistic_regression,supervised_pair_features,0.9350469836107309,0.9452638371073524,0.09808832935944403,0.32711881216810695,0.025697168838003128,1.4300927000003867,0.01077380000060657,1182090,147760
string_human_physical_v12,random,48,test,logistic_regression,supervised_pair_features,0.9369042003611997,0.9468466105058445,0.0969520384526401,0.3220979957852434,0.02596324783888482,1.4300927000003867,0.009581100006471388,1182090,147760
string_human_physical_v12,random,48,val,hist_gradient_boosting,supervised_pair_features,0.940567351624358,0.9502404229494649,0.09199014392442781,0.3000186352413121,0.004489815567632069,4.667924599998514,0.23829010000190465,1182090,147760
string_human_physical_v12,random,48,test,hist_gradient_boosting,supervised_pair_features,0.9421183979625426,0.9514155844724513,0.09084863889444873,0.2962564408970637,0.00518967282114334,4.667924599998514,0.2315662999972119,1182090,147760
string_human_physical_v12,random,49,val,common_neighbors,heuristic,0.9171883615391763,0.9177370953554198,,,,0.0,0.0,1182090,147760
string_human_physical_v12,random,49,val,jaccard,heuristic,0.9081125435450572,0.9104172730715616,,,,0.0,0.0,1182090,147760
string_human_physical_v12,random,49,val,adamic_adar,heuristic,0.9203943215801741,0.9263217238773677,,,,0.0,0.0,1182090,147760
string_human_physical_v12,random,49,val,preferential_attachment,heuristic,0.881380137576585,0.8849925647786575,,,,0.0,0.0,1182090,147760
string_human_physical_v12,random,49,test,common_neighbors,heuristic,0.9168020995870036,0.9172159589843722,,,,0.0,0.0,1182090,147760
string_human_physical_v12,random,49,test,jaccard,heuristic,0.9078252966736031,0.9109765037509847,,,,0.0,0.0,1182090,147760
string_human_physical_v12,random,49,test,adamic_adar,heuristic,0.9200590898621362,0.9258983841024602,,,,0.0,0.0,1182090,147760
string_human_physical_v12,random,49,test,preferential_attachment,heuristic,0.8797231416146525,0.8828672780673977,,,,0.0,0.0,1182090,147760
string_human_physical_v12,random,49,val,logistic_regression,supervised_pair_features,0.9349511629578863,0.9452598724429688,0.09850367015651805,0.3271859381634888,0.026000653270298667,1.5340964999995776,0.010488799998711329,1182090,147760
string_human_physical_v12,random,49,test,logistic_regression,supervised_pair_features,0.9349982269056569,0.9454333469109549,0.09819821835942495,0.32629049813919375,0.025018437396108217,1.5340964999995776,0.01032899999700021,1182090,147760
string_human_physical_v12,random,49,val,hist_gradient_boosting,supervised_pair_features,0.9402311659383265,0.9499951774728422,0.09242529085613214,0.3010333663310814,0.002907375288043863,4.553961400000844,0.2323571000015363,1182090,147760
string_human_physical_v12,random,49,test,hist_gradient_boosting,supervised_pair_features,0.940191449394517,0.9498770475415896,0.0924316281769502,0.30107503568856514,0.004751920271477276,4.553961400000844,0.2360841000045184,1182090,147760
string_human_physical_v12,random,50,val,common_neighbors,heuristic,0.9174254253337844,0.9181988618546749,,,,0.0,0.0,1182090,147760
string_human_physical_v12,random,50,val,jaccard,heuristic,0.9082150819133675,0.9111308953500811,,,,0.0,0.0,1182090,147760
string_human_physical_v12,random,50,val,adamic_adar,heuristic,0.9207613296661292,0.9270046124071046,,,,0.0,0.0,1182090,147760
string_human_physical_v12,random,50,val,preferential_attachment,heuristic,0.8809076620723285,0.8843049773768232,,,,0.0,0.0,1182090,147760
string_human_physical_v12,random,50,test,common_neighbors,heuristic,0.9168545767122911,0.9174352021845759,,,,0.0,0.0,1182090,147760
string_human_physical_v12,random,50,test,jaccard,heuristic,0.9078234792427411,0.910833279619733,,,,0.0,0.0,1182090,147760
string_human_physical_v12,random,50,test,adamic_adar,heuristic,0.9200829622378905,0.9260975218071811,,,,0.0,0.0,1182090,147760
string_human_physical_v12,random,50,test,preferential_attachment,heuristic,0.8798653357014652,0.8835000762947502,,,,0.0,0.0,1182090,147760
string_human_physical_v12,random,50,val,logistic_regression,supervised_pair_features,0.9359134985536768,0.9460757815225558,0.09775956501242972,0.3241146759130624,0.02574510421294247,1.4420150000005378,0.010416000004624948,1182090,147760
string_human_physical_v12,random,50,test,logistic_regression,supervised_pair_features,0.9343303389266722,0.9447269324086273,0.09910156554119405,0.328280659461557,0.025272788002859096,1.4420150000005378,0.010110100003657863,1182090,147760
string_human_physical_v12,random,50,val,hist_gradient_boosting,supervised_pair_features,0.9410847860077756,0.9507695924429447,0.09182783006474335,0.2986114661844222,0.004098605612149012,4.357083100003365,0.22406819999741856,1182090,147760
string_human_physical_v12,random,50,test,hist_gradient_boosting,supervised_pair_features,0.9398775657103854,0.9496290123193224,0.09276157635399183,0.3017544362091755,0.0032708765650137092,4.357083100003365,0.22129999999742722,1182090,147760
string_human_physical_v12,random,51,val,common_neighbors,heuristic,0.9178961162015461,0.918065698750132,,,,0.0,0.0,1182090,147760
string_human_physical_v12,random,51,val,jaccard,heuristic,0.9087089650859805,0.9110670640944929,,,,0.0,0.0,1182090,147760
string_human_physical_v12,random,51,val,adamic_adar,heuristic,0.9212033103477184,0.9268556258649271,,,,0.0,0.0,1182090,147760
string_human_physical_v12,random,51,val,preferential_attachment,heuristic,0.8805990177922084,0.8837674110072394,,,,0.0,0.0,1182090,147760
string_human_physical_v12,random,51,test,common_neighbors,heuristic,0.916664109866334,0.9175654531203643,,,,0.0,0.0,1182090,147760
string_human_physical_v12,random,51,test,jaccard,heuristic,0.9072650484191429,0.9103053486270942,,,,0.0,0.0,1182090,147760
string_human_physical_v12,random,51,test,adamic_adar,heuristic,0.9199115350871152,0.9262296587544082,,,,0.0,0.0,1182090,147760
string_human_physical_v12,random,51,test,preferential_attachment,heuristic,0.8813522282874907,0.8847822870105871,,,,0.0,0.0,1182090,147760
string_human_physical_v12,random,51,val,logistic_regression,supervised_pair_features,0.9356217846863275,0.9455770069430638,0.09795859732818311,0.3264612115492967,0.026743998537693894,1.6002043999978923,0.010549799997534137,1182090,147760
string_human_physical_v12,random,51,test,logistic_regression,supervised_pair_features,0.9348017219571151,0.9454378457432301,0.09841738914938826,0.3259884692150419,0.025861720523276767,1.6002043999978923,0.010420099999464583,1182090,147760
string_human_physical_v12,random,51,val,hist_gradient_boosting,supervised_pair_features,0.940663225132929,0.9501199650025647,0.0920503601879505,0.3004249056810842,0.004084469397217556,4.434118299999682,0.2356839999993099,1182090,147760
string_human_physical_v12,random,51,test,hist_gradient_boosting,supervised_pair_features,0.9402714387955241,0.9501160971666284,0.09238926388753868,0.3005865483382788,0.0038513682660843633,4.434118299999682,0.23903559999598656,1182090,147760
string_human_physical_v12,degree_matched,42,val,common_neighbors,heuristic,0.7520756532528055,0.7537289082084211,,,,0.0,0.0,1182090,147760
string_human_physical_v12,degree_matched,42,val,jaccard,heuristic,0.7956153355548984,0.8205074633574124,,,,0.0,0.0,1182090,147760
string_human_physical_v12,degree_matched,42,val,adamic_adar,heuristic,0.7644134138379478,0.7716726301945143,,,,0.0,0.0,1182090,147760
string_human_physical_v12,degree_matched,42,val,preferential_attachment,heuristic,0.5435675574227541,0.5546627892826637,,,,0.0,0.0,1182090,147760
string_human_physical_v12,degree_matched,42,test,common_neighbors,heuristic,0.7532481129864522,0.7534354540728698,,,,0.0,0.0,1182090,147760
string_human_physical_v12,degree_matched,42,test,jaccard,heuristic,0.7965452670179682,0.82008610633567,,,,0.0,0.0,1182090,147760
string_human_physical_v12,degree_matched,42,test,adamic_adar,heuristic,0.765802287632471,0.7714777201433449,,,,0.0,0.0,1182090,147760
string_human_physical_v12,degree_matched,42,test,preferential_attachment,heuristic,0.5454751614362277,0.5579395322504196,,,,0.0,0.0,1182090,147760
string_human_physical_v12,degree_matched,42,val,logistic_regression,supervised_pair_features,0.8429691637311738,0.8640471150942187,0.16207601514104844,0.49571326508048563,0.050602046478945555,1.2481846000009682,0.010991399998601992,1182090,147760
string_human_physical_v12,degree_matched,42,test,logistic_regression,supervised_pair_features,0.84441199277923,0.8643327344444595,0.161688770983006,0.49589065489920364,0.05005559955600216,1.2481846000009682,0.011046899999200832,1182090,147760
string_human_physical_v12,degree_matched,42,val,hist_gradient_boosting,supervised_pair_features,0.8604646188715572,0.8808961868617539,0.14923136881297555,0.45411723856452524,0.01052216311177895,4.531389399999171,0.28517719999945257,1182090,147760
string_human_physical_v12,degree_matched,42,test,hist_gradient_boosting,supervised_pair_features,0.8616510549599887,0.8814619245052765,0.14856926426225003,0.4529816588951176,0.011082844128414607,4.531389399999171,0.29355679999571294,1182090,147760
string_human_physical_v12,degree_matched,43,val,common_neighbors,heuristic,0.7530719565764468,0.7527690372527529,,,,0.0,0.0,1182090,147760
string_human_physical_v12,degree_matched,43,val,jaccard,heuristic,0.7966889046981761,0.8200898504220496,,,,0.0,0.0,1182090,147760
string_human_physical_v12,degree_matched,43,val,adamic_adar,heuristic,0.7656581431968432,0.7710642122288166,,,,0.0,0.0,1182090,147760
string_human_physical_v12,degree_matched,43,val,preferential_attachment,heuristic,0.5441221334425159,0.5555800563951246,,,,0.0,0.0,1182090,147760
string_human_physical_v12,degree_matched,43,test,common_neighbors,heuristic,0.7526342138798074,0.7533952400560342,,,,0.0,0.0,1182090,147760
string_human_physical_v12,degree_matched,43,test,jaccard,heuristic,0.7961060975831394,0.8203308205992681,,,,0.0,0.0,1182090,147760
string_human_physical_v12,degree_matched,43,test,adamic_adar,heuristic,0.765064641087451,0.7715053248504397,,,,0.0,0.0,1182090,147760
string_human_physical_v12,degree_matched,43,test,preferential_attachment,heuristic,0.5442471282577082,0.5559228977998906,,,,0.0,0.0,1182090,147760
string_human_physical_v12,degree_matched,43,val,logistic_regression,supervised_pair_features,0.844567982851807,0.8642940390668146,0.161872910866977,0.4960536224596622,0.05164987159576328,1.090335299995786,0.01090470000053756,1182090,147760
string_human_physical_v12,degree_matched,43,test,logistic_regression,supervised_pair_features,0.8443742877759601,0.8651273961013066,0.1617027355908471,0.49467950802101535,0.05112344306832904,1.090335299995786,0.011138400004711002,1182090,147760
string_human_physical_v12,degree_matched,43,val,hist_gradient_boosting,supervised_pair_features,0.8618976614574798,0.8812785579147993,0.14882662645105413,0.45310018252937634,0.011942941922395908,4.550652900004934,0.2854342999999062,1182090,147760
string_human_physical_v12,degree_matched,43,test,hist_gradient_boosting,supervised_pair_features,0.8610225387259342,0.8812335442874223,0.14890176743149033,0.45360007553991977,0.011545312887132692,4.550652900004934,0.29626110000390327,1182090,147760
string_human_physical_v12,degree_matched,44,val,common_neighbors,heuristic,0.7517758156343904,0.7522043303855873,,,,0.0,0.0,1182090,147760
string_human_physical_v12,degree_matched,44,val,jaccard,heuristic,0.7951313347542026,0.8192254984051645,,,,0.0,0.0,1182090,147760
string_human_physical_v12,degree_matched,44,val,adamic_adar,heuristic,0.764202565201065,0.7700930927173002,,,,0.0,0.0,1182090,147760
string_human_physical_v12,degree_matched,44,val,preferential_attachment,heuristic,0.5443181557275893,0.5558322154252042,,,,0.0,0.0,1182090,147760
string_human_physical_v12,degree_matched,44,test,common_neighbors,heuristic,0.753331721584835,0.7527841586829911,,,,0.0,0.0,1182090,147760
string_human_physical_v12,degree_matched,44,test,jaccard,heuristic,0.7963234364818172,0.8200166980828945,,,,0.0,0.0,1182090,147760
string_human_physical_v12,degree_matched,44,test,adamic_adar,heuristic,0.7656701579354748,0.7706720648288592,,,,0.0,0.0,1182090,147760
string_human_physical_v12,degree_matched,44,test,preferential_attachment,heuristic,0.5454842777207307,0.5567140602363804,,,,0.0,0.0,1182090,147760
string_human_physical_v12,degree_matched,44,val,logistic_regression,supervised_pair_features,0.843076986023224,0.8629530259480132,0.1621322028228683,0.49856126786265365,0.05026196376620019,1.1542257000037353,0.010920000000623986,1182090,147760
string_human_physical_v12,degree_matched,44,test,logistic_regression,supervised_pair_features,0.8435790307795107,0.8635237089029703,0.1619589519634401,0.4977111372979,0.05065465875264022,1.1542257000037353,0.0109941999980947,1182090,147760
string_human_physical_v12,degree_matched,44,val,hist_gradient_boosting,supervised_pair_features,0.8600839463437249,0.8801717541218294,0.14941418425812691,0.4550364558146598,0.01035340733979324,4.8005989999946905,0.27313499999581836,1182090,147760
string_human_physical_v12,degree_matched,44,test,hist_gradient_boosting,supervised_pair_features,0.8605966996518155,0.8807323321549754,0.1491197744890668,0.4541731651547924,0.011175344482130546,4.8005989999946905,0.29154270000435645,1182090,147760
string_human_physical_v12,degree_matched,45,val,common_neighbors,heuristic,0.751400348433741,0.7523572375543965,,,,0.0,0.0,1182090,147760
string_human_physical_v12,degree_matched,45,val,jaccard,heuristic,0.7954141354239552,0.8196415337277078,,,,0.0,0.0,1182090,147760
string_human_physical_v12,degree_matched,45,val,adamic_adar,heuristic,0.7639151301742183,0.7704491380117743,,,,0.0,0.0,1182090,147760
string_human_physical_v12,degree_matched,45,val,preferential_attachment,heuristic,0.5428159540346819,0.5548347445902796,,,,0.0,0.0,1182090,147760
string_human_physical_v12,degree_matched,45,test,common_neighbors,heuristic,0.7525522891531037,0.7529867433081961,,,,0.0,0.0,1182090,147760
string_human_physical_v12,degree_matched,45,test,jaccard,heuristic,0.7965948039175308,0.8202227258135725,,,,0.0,0.0,1182090,147760
string_human_physical_v12,degree_matched,45,test,adamic_adar,heuristic,0.7650430643174126,0.770926377977299,,,,0.0,0.0,1182090,147760
string_human_physical_v12,degree_matched,45,test,preferential_attachment,heuristic,0.5445926614376932,0.5568164180629143,,,,0.0,0.0,1182090,147760
string_human_physical_v12,degree_matched,45,val,logistic_regression,supervised_pair_features,0.8427373606843975,0.8634109314404265,0.1622014076774274,0.4969039360430623,0.04912411914328338,1.264842000004137,0.010601299996778835,1182090,147760
string_human_physical_v12,degree_matched,45,test,logistic_regression,supervised_pair_features,0.8436365619931528,0.8638138335648027,0.16191864279501245,0.4972853857200984,0.0506283268315548,1.264842000004137,0.01068680000025779,1182090,147760
string_human_physical_v12,degree_matched,45,val,hist_gradient_boosting,supervised_pair_features,0.8604755661443704,0.8809009326380717,0.14917469194341423,0.45419372508935435,0.010147565185379561,4.704468899995845,0.26638219999586,1182090,147760
string_human_physical_v12,degree_matched,45,test,hist_gradient_boosting,supervised_pair_features,0.860923219793493,0.8811582981673068,0.14889054674831873,0.4536304772669851,0.010826223128104794,4.704468899995845,0.2775460999982897,1182090,147760
string_human_physical_v12,degree_matched,46,val,common_neighbors,heuristic,0.7529245885827528,0.7532027730053135,,,,0.0,0.0,1182090,147760
string_human_physical_v12,degree_matched,46,val,jaccard,heuristic,0.7970819566416691,0.820928427856689,,,,0.0,0.0,1182090,147760
string_human_physical_v12,degree_matched,46,val,adamic_adar,heuristic,0.7654794210398108,0.7713196929862051,,,,0.0,0.0,1182090,147760
string_human_physical_v12,degree_matched,46,val,preferential_attachment,heuristic,0.5435796460861186,0.5550179846917027,,,,0.0,0.0,1182090,147760
string_human_physical_v12,degree_matched,46,test,common_neighbors,heuristic,0.753603296046443,0.7547518943157819,,,,0.0,0.0,1182090,147760
string_human_physical_v12,degree_matched,46,test,jaccard,heuristic,0.7968111859168748,0.820839042063733,,,,0.0,0.0,1182090,147760
string_human_physical_v12,degree_matched,46,test,adamic_adar,heuristic,0.7660547310693323,0.7728049312285443,,,,0.0,0.0,1182090,147760
string_human_physical_v12,degree_matched,46,test,preferential_attachment,heuristic,0.5455645647443622,0.5582540500605596,,,,0.0,0.0,1182090,147760
string_human_physical_v12,degree_matched,46,val,logistic_regression,supervised_pair_features,0.8457175555979948,0.865256271419475,0.16107925850900542,0.49511845321140424,0.05122946207339464,1.1763772999984212,0.01069689999712864,1182090,147760
string_human_physical_v12,degree_matched,46,test,logistic_regression,supervised_pair_features,0.8436009588523393,0.8643591172853952,0.1616776688910867,0.4954801380488491,0.04935167644196392,1.1763772999984212,0.010823000004165806,1182090,147760
string_human_physical_v12,degree_matched,46,val,hist_gradient_boosting,supervised_pair_features,0.8627848752341043,0.882271839720174,0.14806890378446483,0.45161358980591043,0.011695510526558404,4.94393499999569,0.2814670999941882,1182090,147760
string_human_physical_v12,degree_matched,46,test,hist_gradient_boosting,supervised_pair_features,0.8606938034071846,0.8808454720383084,0.14902547246399708,0.45392696878241884,0.009939435611127558,4.94393499999569,0.28078569999343017,1182090,147760
string_human_physical_v12,degree_matched,47,val,common_neighbors,heuristic,0.7511629203285212,0.751264544267746,,,,0.0,0.0,1182090,147760
string_human_physical_v12,degree_matched,47,val,jaccard,heuristic,0.7949035569870103,0.8185259457036951,,,,0.0,0.0,1182090,147760
string_human_physical_v12,degree_matched,47,val,adamic_adar,heuristic,0.7637164342321603,0.7693288386656265,,,,0.0,0.0,1182090,147760
string_human_physical_v12,degree_matched,47,val,preferential_attachment,heuristic,0.543809201527873,0.5547301592573535,,,,0.0,0.0,1182090,147760
string_human_physical_v12,degree_matched,47,test,common_neighbors,heuristic,0.7521322250021911,0.752924579961747,,,,0.0,0.0,1182090,147760
string_human_physical_v12,degree_matched,47,test,jaccard,heuristic,0.795541698001471,0.8193773503029045,,,,0.0,0.0,1182090,147760
string_human_physical_v12,degree_matched,47,test,adamic_adar,heuristic,0.7645664825553021,0.7709663587703897,,,,0.0,0.0,1182090,147760
string_human_physical_v12,degree_matched,47,test,preferential_attachment,heuristic,0.5453468738100591,0.5576618825000362,,,,0.0,0.0,1182090,147760
string_human_physical_v12,degree_matched,47,val,logistic_regression,supervised_pair_features,0.8432883337207588,0.8631033014981502,0.16235370942436128,0.4977922024199824,0.049888782933569964,1.1055552000034368,0.010975500001222827,1182090,147760
string_human_physical_v12,degree_matched,47,test,logistic_regression,supervised_pair_features,0.8438042133030663,0.8641257577033312,0.16197135109856878,0.4963640160802796,0.050545317772327764,1.1055552000034368,0.010605899995425716,1182090,147760
string_human_physical_v12,degree_matched,47,val,hist_gradient_boosting,supervised_pair_features,0.8601897547135217,0.8802143545763559,0.1494576290809055,0.45497157702754953,0.010327241711557227,4.530911100002413,0.27637420000246493,1182090,147760
string_human_physical_v12,degree_matched,47,test,hist_gradient_boosting,supervised_pair_features,0.8606363397059691,0.880817632656149,0.1491085716582741,0.4542232670152344,0.011679813951686588,4.530911100002413,0.2739493000044604,1182090,147760
string_human_physical_v12,degree_matched,48,val,common_neighbors,heuristic,0.7509825277656533,0.751224275659391,,,,0.0,0.0,1182090,147760
string_human_physical_v12,degree_matched,48,val,jaccard,heuristic,0.7943145144535587,0.8189678692379012,,,,0.0,0.0,1182090,147760
string_human_physical_v12,degree_matched,48,val,adamic_adar,heuristic,0.7634348937638378,0.7692176803164592,,,,0.0,0.0,1182090,147760
string_human_physical_v12,degree_matched,48,val,preferential_attachment,heuristic,0.5435470771571218,0.5556202200369539,,,,0.0,0.0,1182090,147760
string_human_physical_v12,degree_matched,48,test,common_neighbors,heuristic,0.7545125591800925,0.7551974868366279,,,,0.0,0.0,1182090,147760
string_human_physical_v12,degree_matched,48,test,jaccard,heuristic,0.7979343929993443,0.8218645548872165,,,,0.0,0.0,1182090,147760
string_human_physical_v12,degree_matched,48,test,adamic_adar,heuristic,0.7671359661249941,0.7734194699720267,,,,0.0,0.0,1182090,147760
string_human_physical_v12,degree_matched,48,test,preferential_attachment,heuristic,0.5449682259221923,0.5574598635767843,,,,0.0,0.0,1182090,147760
string_human_physical_v12,degree_matched,48,val,logistic_regression,supervised_pair_features,0.8425510935327603,0.8631581747687176,0.16243190509660868,0.4976495880822656,0.051194858074857005,1.0217735000042012,0.010511500004213303,1182090,147760
string_human_physical_v12,degree_matched,48,test,logistic_regression,supervised_pair_features,0.8449194938586959,0.8655056285811903,0.16143824005249857,0.4934243230213619,0.05146662841651997,1.0217735000042012,0.01115159999608295,1182090,147760
string_human_physical_v12,degree_matched,48,val,hist_gradient_boosting,supervised_pair_features,0.860345694953317,0.8806529437914505,0.1492749230973874,0.45465021659723004,0.011118494855879877,4.640246800001478,0.279989900001965,1182090,147760
string_human_physical_v12,degree_matched,48,test,hist_gradient_boosting,supervised_pair_features,0.8619919145762058,0.8819387554948606,0.14847596841566155,0.4524266105617193,0.011181212126255821,4.640246800001478,0.27677399999811314,1182090,147760
string_human_physical_v12,degree_matched,49,val,common_neighbors,heuristic,0.7519754834989002,0.7535240088127328,,,,0.0,0.0,1182090,147760
string_human_physical_v12,degree_matched,49,val,jaccard,heuristic,0.795448258146414,0.8200734731021633,,,,0.0,0.0,1182090,147760
string_human_physical_v12,degree_matched,49,val,adamic_adar,heuristic,0.7643076778356099,0.7715287802359813,,,,0.0,0.0,1182090,147760
string_human_physical_v12,degree_matched,49,val,preferential_attachment,heuristic,0.543430727047094,0.555802820512618,,,,0.0,0.0,1182090,147760
string_human_physical_v12,degree_matched,49,test,common_neighbors,heuristic,0.7542735683041816,0.7543527881456907,,,,0.0,0.0,1182090,147760
string_human_physical_v12,degree_matched,49,test,jaccard,heuristic,0.7973846300568181,0.8212451628832101,,,,0.0,0.0,1182090,147760
string_human_physical_v12,degree_matched,49,test,adamic_adar,heuristic,0.7668033713305852,0.7724932166137229,,,,0.0,0.0,1182090,147760
string_human_physical_v12,degree_matched,49,test,preferential_attachment,heuristic,0.5454729966415637,0.5569095785624939,,,,0.0,0.0,1182090,147760
string_human_physical_v12,degree_matched,49,val,logistic_regression,supervised_pair_features,0.8432872829269371,0.8639335042437467,0.1619890858081069,0.49649186534492423,0.051069910169191726,1.1898670000009588,0.010974299999361392,1182090,147760
string_human_physical_v12,degree_matched,49,test,logistic_regression,supervised_pair_features,0.8452102064901923,0.8654780284650868,0.16093727546147113,0.49545729863762633,0.05217893146277558,1.1898670000009588,0.010441699996590614,1182090,147760
string_human_physical_v12,degree_matched,49,val,hist_gradient_boosting,supervised_pair_features,0.8606366832223871,0.8806083392544937,0.14917926077955748,0.4543653711344987,0.010333216110661767,4.8496037000004435,0.28659499999776017,1182090,147760
string_human_physical_v12,degree_matched,49,test,hist_gradient_boosting,supervised_pair_features,0.862150956815058,0.8822825278933751,0.14816590509910219,0.45202826897628684,0.012567224483731706,4.8496037000004435,0.2853138999998919,1182090,147760
string_human_physical_v12,degree_matched,50,val,common_neighbors,heuristic,0.753092042210418,0.7532446624833761,,,,0.0,0.0,1182090,147760
string_human_physical_v12,degree_matched,50,val,jaccard,heuristic,0.7968414057431987,0.8205157058226106,,,,0.0,0.0,1182090,147760
string_human_physical_v12,degree_matched,50,val,adamic_adar,heuristic,0.7656773486043451,0.7714005180154953,,,,0.0,0.0,1182090,147760
string_human_physical_v12,degree_matched,50,val,preferential_attachment,heuristic,0.5433843025894871,0.5547306660947686,,,,0.0,0.0,1182090,147760
string_human_physical_v12,degree_matched,50,test,common_neighbors,heuristic,0.7524037434935243,0.7535560941008002,,,,0.0,0.0,1182090,147760
string_human_physical_v12,degree_matched,50,test,jaccard,heuristic,0.7954357069725443,0.8197955582681927,,,,0.0,0.0,1182090,147760
string_human_physical_v12,degree_matched,50,test,adamic_adar,heuristic,0.7647633808530434,0.77153450382209,,,,0.0,0.0,1182090,147760
string_human_physical_v12,degree_matched,50,test,preferential_attachment,heuristic,0.5452384326388304,0.557694887029468,,,,0.0,0.0,1182090,147760
string_human_physical_v12,degree_matched,50,val,logistic_regression,supervised_pair_features,0.8452837971421779,0.8653530116665684,0.1611318793786826,0.49485949518884625,0.052450805100343154,1.1414832000009483,0.011513400000694674,1182090,147760
string_human_physical_v12,degree_matched,50,test,logistic_regression,supervised_pair_features,0.8424202527093644,0.8636605721821348,0.1625695818613247,0.49585099491677104,0.049576831290095894,1.1414832000009483,0.010882000002311543,1182090,147760
string_human_physical_v12,degree_matched,50,val,hist_gradient_boosting,supervised_pair_features,0.8616961104817686,0.8816410699639827,0.14836327011558154,0.4525004101115261,0.010810861407219203,4.547821599997405,0.2838895999957458,1182090,147760
string_human_physical_v12,degree_matched,50,test,hist_gradient_boosting,supervised_pair_features,0.860206421488892,0.880560853218535,0.14937823705976425,0.45474887448989826,0.01008544461342735,4.547821599997405,0.28324140000040643,1182090,147760
string_human_physical_v12,degree_matched,51,val,common_neighbors,heuristic,0.7521700038385898,0.7522718033313901,,,,0.0,0.0,1182090,147760
string_human_physical_v12,degree_matched,51,val,jaccard,heuristic,0.7961483060408472,0.8200151395148283,,,,0.0,0.0,1182090,147760
string_human_physical_v12,degree_matched,51,val,adamic_adar,heuristic,0.7648723369324816,0.7704467889002575,,,,0.0,0.0,1182090,147760
string_human_physical_v12,degree_matched,51,val,preferential_attachment,heuristic,0.5433344882202633,0.5548053217996934,,,,0.0,0.0,1182090,147760
string_human_physical_v12,degree_matched,51,test,common_neighbors,heuristic,0.754067083699873,0.7553362617048106,,,,0.0,0.0,1182090,147760
string_human_physical_v12,degree_matched,51,test,jaccard,heuristic,0.7966544265507303,0.8208560665825844,,,,0.0,0.0,1182090,147760
string_human_physical_v12,degree_matched,51,test,adamic_adar,heuristic,0.76637862326461,0.7732421743362333,,,,0.0,0.0,1182090,147760
string_human_physical_v12,degree_matched,51,test,preferential_attachment,heuristic,0.5460288513668399,0.5588056924877166,,,,0.0,0.0,1182090,147760
string_human_physical_v12,degree_matched,51,val,logistic_regression,supervised_pair_features,0.844534855227708,0.8647829791649645,0.16165995254220797,0.4954517209187391,0.0512463238200936,1.1783045999982278,0.010748100001364946,1182090,147760
string_human_physical_v12,degree_matched,51,test,logistic_regression,supervised_pair_features,0.8442910586029115,0.8645376492744227,0.16141959797785638,0.4962101809484601,0.05057133035185947,1.1783045999982278,0.010940399995888583,1182090,147760
string_human_physical_v12,degree_matched,51,val,hist_gradient_boosting,supervised_pair_features,0.8618159925818041,0.8820495867922791,0.14848263782408547,0.4524313050177728,0.011886051595072564,4.65178150000429,0.2783095000049798,1182090,147760
string_human_physical_v12,degree_matched,51,test,hist_gradient_boosting,supervised_pair_features,0.86253463515735,0.88221065282331,0.14815621712713958,0.45172132883493943,0.012771142298533952,4.65178150000429,0.2617940999989514,1182090,147760
biogrid_human_physical,random,42,val,common_neighbors,heuristic,0.908493244469629,0.9069910542569111,,,,0.0,0.0,1538450,192306
biogrid_human_physical,random,42,val,jaccard,heuristic,0.8739979966829792,0.861231360925231,,,,0.0,0.0,1538450,192306
biogrid_human_physical,random,42,val,adamic_adar,heuristic,0.9129461487389593,0.9171857348027954,,,,0.0,0.0,1538450,192306
biogrid_human_physical,random,42,val,preferential_attachment,heuristic,0.9212171702618975,0.9184419763216841,,,,0.0,0.0,1538450,192306
biogrid_human_physical,random,42,test,common_neighbors,heuristic,0.9094507159220123,0.907927447467995,,,,0.0,0.0,1538450,192306
biogrid_human_physical,random,42,test,jaccard,heuristic,0.8755787892862468,0.863943522382967,,,,0.0,0.0,1538450,192306
biogrid_human_physical,random,42,test,adamic_adar,heuristic,0.9139708574703935,0.9181848217238361,,,,0.0,0.0,1538450,192306
biogrid_human_physical,random,42,test,preferential_attachment,heuristic,0.92109248803358,0.9185077057664476,,,,0.0,0.0,1538450,192306
biogrid_human_physical,random,42,val,logistic_regression,supervised_pair_features,0.9342360688703049,0.9344532529469508,0.10545230103026347,0.35262607587197337,0.04682460626582757,1.7118658999970648,0.013876500001060776,1538450,192306
biogrid_human_physical,random,42,test,logistic_regression,supervised_pair_features,0.9345467215390479,0.9347044186205483,0.10535899019809855,0.3525305226982816,0.04759531338416206,1.7118658999970648,0.012879000001703389,1538450,192306
biogrid_human_physical,random,42,val,hist_gradient_boosting,supervised_pair_features,0.9418405140532313,0.9427840969290349,0.09597254450836308,0.30732182476891096,0.0032387756561468874,6.191556900004798,0.3554543999998714,1538450,192306
biogrid_human_physical,random,42,test,hist_gradient_boosting,supervised_pair_features,0.9421872830091379,0.9431926029564923,0.09561013301456614,0.3066162523760477,0.0036951778888249095,6.191556900004798,0.36913739999727113,1538450,192306
biogrid_human_physical,random,43,val,common_neighbors,heuristic,0.9083475932716192,0.9067459387000772,,,,0.0,0.0,1538450,192306
biogrid_human_physical,random,43,val,jaccard,heuristic,0.8742652491715622,0.8622096066766542,,,,0.0,0.0,1538450,192306
biogrid_human_physical,random,43,val,adamic_adar,heuristic,0.9128879750488669,0.9170518728978533,,,,0.0,0.0,1538450,192306
biogrid_human_physical,random,43,val,preferential_attachment,heuristic,0.9201609192479614,0.917434712108142,,,,0.0,0.0,1538450,192306
biogrid_human_physical,random,43,test,common_neighbors,heuristic,0.9095391189172581,0.9074764376130406,,,,0.0,0.0,1538450,192306
biogrid_human_physical,random,43,test,jaccard,heuristic,0.8753999397929093,0.8623401312351521,,,,0.0,0.0,1538450,192306
biogrid_human_physical,random,43,test,adamic_adar,heuristic,0.9140082921970818,0.9176313400496309,,,,0.0,0.0,1538450,192306
biogrid_human_physical,random,43,test,preferential_attachment,heuristic,0.9203404488092678,0.917285238762411,,,,0.0,0.0,1538450,192306
biogrid_human_physical,random,43,val,logistic_regression,supervised_pair_features,0.9342273066204099,0.9343827698677396,0.10562527557816054,0.3538551115686693,0.047709209249119415,1.7642171000043163,0.013614900002721697,1538450,192306
biogrid_human_physical,random,43,test,logistic_regression,supervised_pair_features,0.9346427145795578,0.9347019641775082,0.10522382206216109,0.3531203309230566,0.04673559963852037,1.7642171000043163,0.012686200003372505,1538450,192306
biogrid_human_physical,random,43,val,hist_gradient_boosting,supervised_pair_features,0.9414516356672418,0.9423840890493905,0.09619860976327563,0.30842240206129684,0.0038913330959492193,5.694723499997053,0.3107531999994535,1538450,192306
biogrid_human_physical,random,43,test,hist_gradient_boosting,supervised_pair_features,0.9418981707835052,0.9425430886106104,0.09584585431154112,0.3071926859226706,0.004230277308319448,5.694723499997053,0.3168974000000162,1538450,192306
biogrid_human_physical,random,44,val,common_neighbors,heuristic,0.9083664299916239,0.906806255445437,,,,0.0,0.0,1538450,192306
biogrid_human_physical,random,44,val,jaccard,heuristic,0.873702224009563,0.8613788040732717,,,,0.0,0.0,1538450,192306
biogrid_human_physical,random,44,val,adamic_adar,heuristic,0.9128454825093213,0.9170147036871572,,,,0.0,0.0,1538450,192306
biogrid_human_physical,random,44,val,preferential_attachment,heuristic,0.9200379869170021,0.917270097585169,,,,0.0,0.0,1538450,192306
biogrid_human_physical,random,44,test,common_neighbors,heuristic,0.9094035673910817,0.907410835428783,,,,0.0,0.0,1538450,192306
biogrid_human_physical,random,44,test,jaccard,heuristic,0.8757013686308337,0.8632147234227092,,,,0.0,0.0,1538450,192306
biogrid_human_physical,random,44,test,adamic_adar,heuristic,0.9139488547433073,0.9177484381622717,,,,0.0,0.0,1538450,192306
biogrid_human_physical,random,44,test,preferential_attachment,heuristic,0.9201371806304837,0.9173948916235273,,,,0.0,0.0,1538450,192306
biogrid_human_physical,random,44,val,logistic_regression,supervised_pair_features,0.9337707327274647,0.93382780681431,0.10600832054957277,0.3549508816005766,0.04750022531373574,1.9894137999945087,0.013704400000278838,1538450,192306
biogrid_human_physical,random,44,test,logistic_regression,supervised_pair_features,0.9342117996646087,0.9343512311747321,0.10551224832773852,0.3534078533800895,0.04759183186639225,1.9894137999945087,0.013254299999971408,1538450,192306
biogrid_human_physical,random,44,val,hist_gradient_boosting,supervised_pair_features,0.941255535107407,0.9421763628223248,0.09643041385857173,0.30895449205706066,0.0036057448846671405,5.788100300000224,0.3336219000048004,1538450,192306
biogrid_human_physical,random,44,test,hist_gradient_boosting,supervised_pair_features,0.9416093276646886,0.9424085161639157,0.09611717958780533,0.30804926336889743,0.003652734570573259,5.788100300000224,0.3286380999998073,1538450,192306
biogrid_human_physical,random,45,val,common_neighbors,heuristic,0.9093498403450101,0.9079614727806595,,,,0.0,0.0,1538450,192306
biogrid_human_physical,random,45,val,jaccard,heuristic,0.8751371136139092,0.8639089621589753,,,,0.0,0.0,1538450,192306
biogrid_human_physical,random,45,val,adamic_adar,heuristic,0.9138088206633583,0.9181901785091316,,,,0.0,0.0,1538450,192306
biogrid_human_physical,random,45,val,preferential_attachment,heuristic,0.9214125828579441,0.9188429074983173,,,,0.0,0.0,1538450,192306
biogrid_human_physical,random,45,test,common_neighbors,heuristic,0.9092562643444796,0.9078296463594503,,,,0.0,0.0,1538450,192306
biogrid_human_physical,random,45,test,jaccard,heuristic,0.8749692722442339,0.8628350028139776,,,,0.0,0.0,1538450,192306
biogrid_human_physical,random,45,test,adamic_adar,heuristic,0.9137622389008029,0.9181452103689467,,,,0.0,0.0,1538450,192306
biogrid_human_physical,random,45,test,preferential_attachment,heuristic,0.9205286374880941,0.9178782520837454,,,,0.0,0.0,1538450,192306
biogrid_human_physical,random,45,val,logistic_regression,supervised_pair_features,0.9346544769702552,0.9349603145781644,0.10516952650496907,0.35185457894247874,0.045852828332134166,1.7537330000050133,0.013580700004240498,1538450,192306
biogrid_human_physical,random,45,test,logistic_regression,supervised_pair_features,0.9340362287208137,0.9346086759257807,0.10581650202459217,0.3524399050139874,0.04646130931179472,1.7537330000050133,0.014282800002547447,1538450,192306
biogrid_human_physical,random,45,val,hist_gradient_boosting,supervised_pair_features,0.9420838577315811,0.9432110948089268,0.09581119084952695,0.3066381123399978,0.004333191686922308,5.832373999997799,0.30676410000160104,1538450,192306
biogrid_human_physical,random,45,test,hist_gradient_boosting,supervised_pair_features,0.9415440359478796,0.9427313620474456,0.09637429977361811,0.30809533950610496,0.0034141762100574104,5.832373999997799,0.31438039999920875,1538450,192306
biogrid_human_physical,random,46,val,common_neighbors,heuristic,0.9080449943923022,0.9066202963973314,,,,0.0,0.0,1538450,192306
biogrid_human_physical,random,46,val,jaccard,heuristic,0.8742435692536774,0.8623546243487176,,,,0.0,0.0,1538450,192306
biogrid_human_physical,random,46,val,adamic_adar,heuristic,0.9125550470850403,0.916932523603514,,,,0.0,0.0,1538450,192306
biogrid_human_physical,random,46,val,preferential_attachment,heuristic,0.9202242020196534,0.9177407880602431,,,,0.0,0.0,1538450,192306
biogrid_human_physical,random,46,test,common_neighbors,heuristic,0.9077661387814253,0.9066513918150146,,,,0.0,0.0,1538450,192306
biogrid_human_physical,random,46,test,jaccard,heuristic,0.8737066909880218,0.8612988059067253,,,,0.0,0.0,1538450,192306
biogrid_human_physical,random,46,test,adamic_adar,heuristic,0.9123122194471329,0.9169540348133615,,,,0.0,0.0,1538450,192306
biogrid_human_physical,random,46,test,preferential_attachment,heuristic,0.9199860863469159,0.9173530560116903,,,,0.0,0.0,1538450,192306
biogrid_human_physical,random,46,val,logistic_regression,supervised_pair_features,0.9335406789022151,0.9339828831838599,0.10616010663838961,0.354415074104291,0.04687224173154238,1.603193700000702,0.013577999998233281,1538450,192306
biogrid_human_physical,random,46,test,logistic_regression,supervised_pair_features,0.9335696071819108,0.9340200178001559,0.10615732097428343,0.3541547840652994,0.046118040710433184,1.603193700000702,0.013333299997611903,1538450,192306
biogrid_human_physical,random,46,val,hist_gradient_boosting,supervised_pair_features,0.9410922528160514,0.9422756580343525,0.09659222697881181,0.30929353421240335,0.003407852802234276,5.667142699996475,0.3022270000001299,1538450,192306
biogrid_human_physical,random,46,test,hist_gradient_boosting,supervised_pair_features,0.9413903578927576,0.942607765560884,0.0963996765339189,0.3084427164905378,0.003597607349038269,5.667142699996475,0.30936040000233334,1538450,192306
biogrid_human_physical,random,47,val,common_neighbors,heuristic,0.9090496028563736,0.9075368577070783,,,,0.0,0.0,1538450,192306
biogrid_human_physical,random,47,val,jaccard,heuristic,0.8752039916331971,0.8630365714033105,,,,0.0,0.0,1538450,192306
biogrid_human_physical,random,47,val,adamic_adar,heuristic,0.9134222992334111,0.9176921972009402,,,,0.0,0.0,1538450,192306
biogrid_human_physical,random,47,val,preferential_attachment,heuristic,0.9208852681055654,0.9183428783462797,,,,0.0,0.0,1538450,192306
biogrid_human_physical,random,47,test,common_neighbors,heuristic,0.9101509599800135,0.9087142996655984,,,,0.0,0.0,1538450,192306
biogrid_human_physical,random,47,test,jaccard,heuristic,0.8755766444356974,0.8633033857548518,,,,0.0,0.0,1538450,192306
biogrid_human_physical,random,47,test,adamic_adar,heuristic,0.9146086616624179,0.9189121495223337,,,,0.0,0.0,1538450,192306
biogrid_human_physical,random,47,test,preferential_attachment,heuristic,0.9220564560143818,0.9196046829130703,,,,0.0,0.0,1538450,192306
biogrid_human_physical,random,47,val,logistic_regression,supervised_pair_features,0.9343344070772097,0.9346210751250611,0.10563716992659869,0.353210446245416,0.04823429296010015,1.9374919999972917,0.014148099995509256,1538450,192306
biogrid_human_physical,random,47,test,logistic_regression,supervised_pair_features,0.9357095260350369,0.9362961902989001,0.10453492958808416,0.3491092987661412,0.047595330587078016,1.9374919999972917,0.012990199997148011,1538450,192306
biogrid_human_physical,random,47,val,hist_gradient_boosting,supervised_pair_features,0.941729102857843,0.9429640978454017,0.09613907853425004,0.3076636258500369,0.003222582547759213,6.011179100001755,0.3189249999995809,1538450,192306
biogrid_human_physical,random,47,test,hist_gradient_boosting,supervised_pair_features,0.9429306267735307,0.9440485333355912,0.09501842871623976,0.30465812487779953,0.004720261430301802,6.011179100001755,0.323752099997364,1538450,192306
biogrid_human_physical,random,48,val,common_neighbors,heuristic,0.9096597269029895,0.908125445340862,,,,0.0,0.0,1538450,192306
biogrid_human_physical,random,48,val,jaccard,heuristic,0.8754807319217245,0.8634327398752217,,,,0.0,0.0,1538450,192306
biogrid_human_physical,random,48,val,adamic_adar,heuristic,0.9140417256363877,0.9182692387061622,,,,0.0,0.0,1538450,192306
biogrid_human_physical,random,48,val,preferential_attachment,heuristic,0.9220544243552647,0.9196140712033543,,,,0.0,0.0,1538450,192306
biogrid_human_physical,random,48,test,common_neighbors,heuristic,0.9094374454298929,0.9076500371048812,,,,0.0,0.0,1538450,192306
biogrid_human_physical,random,48,test,jaccard,heuristic,0.8748174546820167,0.8624239649925082,,,,0.0,0.0,1538450,192306
biogrid_human_physical,random,48,test,adamic_adar,heuristic,0.913953302468947,0.9179521026731517,,,,0.0,0.0,1538450,192306
biogrid_human_physical,random,48,test,preferential_attachment,heuristic,0.9208316162320165,0.9180620817680812,,,,0.0,0.0,1538450,192306
biogrid_human_physical,random,48,val,logistic_regression,supervised_pair_features,0.9351970530968328,0.9356078371876585,0.10457552194526643,0.34974256920172564,0.046639186309084465,1.673805500002345,0.013585699998657219,1538450,192306
biogrid_human_physical,random,48,test,logistic_regression,supervised_pair_features,0.9345224402732994,0.9346872339479293,0.10518374372756623,0.3523591711382349,0.047534914521203536,1.673805500002345,0.013895800002501346,1538450,192306
biogrid_human_physical,random,48,val,hist_gradient_boosting,supervised_pair_features,0.9424952980957796,0.9434781006973711,0.0953267946571479,0.30573348315639454,0.004306484283088981,5.9131149999957415,0.31511889999819687,1538450,192306
biogrid_human_physical,random,48,test,hist_gradient_boosting,supervised_pair_features,0.9421439711431725,0.9431338491756184,0.09555825765976816,0.3066672902548694,0.00465808647325135,5.9131149999957415,0.3283314000000246,1538450,192306
biogrid_human_physical,random,49,val,common_neighbors,heuristic,0.9091736659118737,0.9074404861474843,,,,0.0,0.0,1538450,192306
biogrid_human_physical,random,49,val,jaccard,heuristic,0.875377463424847,0.8634532447305117,,,,0.0,0.0,1538450,192306
biogrid_human_physical,random,49,val,adamic_adar,heuristic,0.9136536707951326,0.9176438231761775,,,,0.0,0.0,1538450,192306
biogrid_human_physical,random,49,val,preferential_attachment,heuristic,0.9210784336921447,0.918254465456758,,,,0.0,0.0,1538450,192306
biogrid_human_physical,random,49,test,common_neighbors,heuristic,0.9089088527987034,0.9073996720939791,,,,0.0,0.0,1538450,192306
biogrid_human_physical,random,49,test,jaccard,heuristic,0.874728045456581,0.8626003614500138,,,,0.0,0.0,1538450,192306
biogrid_human_physical,random,49,test,adamic_adar,heuristic,0.9134700165337118,0.917705564666612,,,,0.0,0.0,1538450,192306
biogrid_human_physical,random,49,test,preferential_attachment,heuristic,0.9206258362634249,0.9178812917418511,,,,0.0,0.0,1538450,192306
biogrid_human_physical,random,49,val,logistic_regression,supervised_pair_features,0.934989999413664,0.9352516776078418,0.10505303217506144,0.35148057084186696,0.04701514065893963,1.8235813999999664,0.013250899995910004,1538450,192306
biogrid_human_physical,random,49,test,logistic_regression,supervised_pair_features,0.9344274514079027,0.934733252373035,0.10542613471630849,0.35226727808551117,0.04626187991317447,1.8235813999999664,0.013582200001110323,1538450,192306
biogrid_human_physical,random,49,val,hist_gradient_boosting,supervised_pair_features,0.9422634653317009,0.9431780864876259,0.09564422996552502,0.30627947938556527,0.004157020117940032,5.894351700000698,0.3169532000028994,1538450,192306
biogrid_human_physical,random,49,test,hist_gradient_boosting,supervised_pair_features,0.9420593894539013,0.9430017615823697,0.09578280787389493,0.30673537111648885,0.004119370311165748,5.894351700000698,0.3126971000019694,1538450,192306
biogrid_human_physical,random,50,val,common_neighbors,heuristic,0.908833720295577,0.9071307393461351,,,,0.0,0.0,1538450,192306
biogrid_human_physical,random,50,val,jaccard,heuristic,0.8751927864926274,0.8631582903925322,,,,0.0,0.0,1538450,192306
biogrid_human_physical,random,50,val,adamic_adar,heuristic,0.9133460645064057,0.9174210516467284,,,,0.0,0.0,1538450,192306
biogrid_human_physical,random,50,val,preferential_attachment,heuristic,0.9202825722940057,0.9176927820971806,,,,0.0,0.0,1538450,192306
biogrid_human_physical,random,50,test,common_neighbors,heuristic,0.9075474850585765,0.9061108031712001,,,,0.0,0.0,1538450,192306
biogrid_human_physical,random,50,test,jaccard,heuristic,0.8735050108423066,0.8612091138445167,,,,0.0,0.0,1538450,192306
biogrid_human_physical,random,50,test,adamic_adar,heuristic,0.9121407852094235,0.9164820404524672,,,,0.0,0.0,1538450,192306
biogrid_human_physical,random,50,test,preferential_attachment,heuristic,0.9206178132460605,0.9179402782340373,,,,0.0,0.0,1538450,192306
biogrid_human_physical,random,50,val,logistic_regression,supervised_pair_features,0.9340198043898267,0.9344247378229666,0.10575246911286476,0.3536701330888542,0.047272798505053164,1.6217546999978367,0.013448900004732423,1538450,192306
biogrid_human_physical,random,50,test,logistic_regression,supervised_pair_features,0.9342347291769664,0.9343362759286324,0.10567182322586523,0.35359056665521466,0.04689043218797109,1.6217546999978367,0.013664799997059163,1538450,192306
biogrid_human_physical,random,50,val,hist_gradient_boosting,supervised_pair_features,0.9414206805416339,0.942441852729486,0.09625454717306309,0.3084995470991882,0.003368478352230956,5.864615300000878,0.3243916000064928,1538450,192306
biogrid_human_physical,random,50,test,hist_gradient_boosting,supervised_pair_features,0.9416676224420323,0.9425749584649795,0.09618899119898955,0.3077035698141392,0.004283310712580053,5.864615300000878,0.3257363000011537,1538450,192306
biogrid_human_physical,random,51,val,common_neighbors,heuristic,0.9093169440917986,0.9074960722269618,,,,0.0,0.0,1538450,192306
biogrid_human_physical,random,51,val,jaccard,heuristic,0.8750936674649401,0.8625281682826352,,,,0.0,0.0,1538450,192306
biogrid_human_physical,random,51,val,adamic_adar,heuristic,0.9138124262944973,0.9176957037304977,,,,0.0,0.0,1538450,192306
biogrid_human_physical,random,51,val,preferential_attachment,heuristic,0.9214644633099159,0.9183447045133383,,,,0.0,0.0,1538450,192306
biogrid_human_physical,random,51,test,common_neighbors,heuristic,0.9096132410259617,0.9076504605524824,,,,0.0,0.0,1538450,192306
biogrid_human_physical,random,51,test,jaccard,heuristic,0.8748885988231079,0.8618398550867099,,,,0.0,0.0,1538450,192306
biogrid_human_physical,random,51,test,adamic_adar,heuristic,0.9140811494604842,0.917879073732556,,,,0.0,0.0,1538450,192306
biogrid_human_physical,random,51,test,preferential_attachment,heuristic,0.9208838905555606,0.9177645743481496,,,,0.0,0.0,1538450,192306
biogrid_human_physical,random,51,val,logistic_regression,supervised_pair_features,0.9353256115232913,0.9353132157549119,0.10473773492642045,0.35116817379079796,0.04807062567531352,1.9812877000003937,0.014294799999333918,1538450,192306
biogrid_human_physical,random,51,test,logistic_regression,supervised_pair_features,0.934420734066958,0.9342852939859753,0.1052790851666081,0.35398262980743644,0.047699438681709755,1.9812877000003937,0.013367699997616,1538450,192306
biogrid_human_physical,random,51,val,hist_gradient_boosting,supervised_pair_features,0.9425325771234077,0.9432022460338263,0.09529103503766638,0.3056037835584084,0.0044227991506000375,5.798315799998818,0.3229397000031895,1538450,192306
biogrid_human_physical,random,51,test,hist_gradient_boosting,supervised_pair_features,0.9417856705059091,0.9426092157581796,0.09589977750283805,0.30763356394917896,0.003895742990810242,5.798315799998818,0.3276551000017207,1538450,192306
biogrid_human_physical,degree_matched,42,val,common_neighbors,heuristic,0.6468702815238212,0.6458622427328722,,,,0.0,0.0,1538450,192306
biogrid_human_physical,degree_matched,42,val,jaccard,heuristic,0.6645179428396937,0.6762602164604059,,,,0.0,0.0,1538450,192306
biogrid_human_physical,degree_matched,42,val,adamic_adar,heuristic,0.6556785680993827,0.6549312162636538,,,,0.0,0.0,1538450,192306
biogrid_human_physical,degree_matched,42,val,preferential_attachment,heuristic,0.5578485758526952,0.5702466795659281,,,,0.0,0.0,1538450,192306
biogrid_human_physical,degree_matched,42,test,common_neighbors,heuristic,0.6500106689982376,0.6487487068673781,,,,0.0,0.0,1538450,192306
biogrid_human_physical,degree_matched,42,test,jaccard,heuristic,0.6671133035092005,0.6781131889565982,,,,0.0,0.0,1538450,192306
biogrid_human_physical,degree_matched,42,test,adamic_adar,heuristic,0.6589081667007082,0.6580074280608154,,,,0.0,0.0,1538450,192306
biogrid_human_physical,degree_matched,42,test,preferential_attachment,heuristic,0.5610467089664704,0.5741833681520794,,,,0.0,0.0,1538450,192306
biogrid_human_physical,degree_matched,42,val,logistic_regression,supervised_pair_features,0.7075948282052202,0.7147031671802097,0.2185845362694368,0.628583293273693,0.035926185270461396,1.4457159000012325,0.01556249999703141,1538450,192306
biogrid_human_physical,degree_matched,42,test,logistic_regression,supervised_pair_features,0.7104806078043178,0.716890098505219,0.21803453719608076,0.6275709922836398,0.03872071766303824,1.4457159000012325,0.015266999995219521,1538450,192306
biogrid_human_physical,degree_matched,42,val,hist_gradient_boosting,supervised_pair_features,0.759185618380892,0.7683193431010233,0.19909442595000082,0.5817149767181565,0.01834413474988093,5.921184000006178,0.32382050000160234,1538450,192306
biogrid_human_physical,degree_matched,42,test,hist_gradient_boosting,supervised_pair_features,0.7605828162658668,0.7691354204465048,0.19865283862975675,0.5807802127995604,0.019404349268200748,5.921184000006178,0.33838660000037635,1538450,192306
biogrid_human_physical,degree_matched,43,val,common_neighbors,heuristic,0.6487175827321794,0.6476620335205728,,,,0.0,0.0,1538450,192306
biogrid_human_physical,degree_matched,43,val,jaccard,heuristic,0.6663537253461236,0.6778090740554743,,,,0.0,0.0,1538450,192306
biogrid_human_physical,degree_matched,43,val,adamic_adar,heuristic,0.6575788315409923,0.65669797353847,,,,0.0,0.0,1538450,192306
biogrid_human_physical,degree_matched,43,val,preferential_attachment,heuristic,0.5595159425956608,0.5720564237259088,,,,0.0,0.0,1538450,192306
biogrid_human_physical,degree_matched,43,test,common_neighbors,heuristic,0.6507135698911588,0.6490074938642916,,,,0.0,0.0,1538450,192306
biogrid_human_physical,degree_matched,43,test,jaccard,heuristic,0.6683052255141355,0.6785994975333199,,,,0.0,0.0,1538450,192306
biogrid_human_physical,degree_matched,43,test,adamic_adar,heuristic,0.6596855364153149,0.6581595397481576,,,,0.0,0.0,1538450,192306
biogrid_human_physical,degree_matched,43,test,preferential_attachment,heuristic,0.5607778441083897,0.5735838640595078,,,,0.0,0.0,1538450,192306
biogrid_human_physical,degree_matched,43,val,logistic_regression,supervised_pair_features,0.7096558504128115,0.7160331443784651,0.21826234849980328,0.6281237991442615,0.03809140531709828,1.37281520000397,0.015245700000377838,1538450,192306
biogrid_human_physical,degree_matched,43,test,logistic_regression,supervised_pair_features,0.7111655695587915,0.7164605181571839,0.21799502772494833,0.6280364796563845,0.038877097507848034,1.37281520000397,0.015281199994205963,1538450,192306
biogrid_human_physical,degree_matched,43,val,hist_gradient_boosting,supervised_pair_features,0.761330538315957,0.7708607544925653,0.19840052576278921,0.580173313356091,0.020371085768242623,6.072200500006147,0.33950719999847934,1538450,192306
biogrid_human_physical,degree_matched,43,test,hist_gradient_boosting,supervised_pair_features,0.7627179458721424,0.7714162357666945,0.197928281928281,0.5791539491751876,0.020888602205637083,6.072200500006147,0.32739700000092853,1538450,192306
biogrid_human_physical,degree_matched,44,val,common_neighbors,heuristic,0.6489116181567879,0.6467996758556033,,,,0.0,0.0,1538450,192306
biogrid_human_physical,degree_matched,44,val,jaccard,heuristic,0.6670476978524661,0.6778779115100065,,,,0.0,0.0,1538450,192306
biogrid_human_physical,degree_matched,44,val,adamic_adar,heuristic,0.6578035986287155,0.655898655657805,,,,0.0,0.0,1538450,192306
biogrid_human_physical,degree_matched,44,val,preferential_attachment,heuristic,0.5588376387471656,0.5705942460545413,,,,0.0,0.0,1538450,192306
biogrid_human_physical,degree_matched,44,test,common_neighbors,heuristic,0.6503119916752532,0.648679476294845,,,,0.0,0.0,1538450,192306
biogrid_human_physical,degree_matched,44,test,jaccard,heuristic,0.6679112965080554,0.6778061754161068,,,,0.0,0.0,1538450,192306
biogrid_human_physical,degree_matched,44,test,adamic_adar,heuristic,0.6592776105558512,0.657862392032247,,,,0.0,0.0,1538450,192306
biogrid_human_physical,degree_matched,44,test,preferential_attachment,heuristic,0.5608451902523965,0.5735631114376335,,,,0.0,0.0,1538450,192306
biogrid_human_physical,degree_matched,44,val,logistic_regression,supervised_pair_features,0.7109825901735686,0.7167391390762025,0.21801524104820189,0.627980321480634,0.03961808222033473,1.1940560999937588,0.015520699998887721,1538450,192306
biogrid_human_physical,degree_matched,44,test,logistic_regression,supervised_pair_features,0.7112841786043816,0.7158627633450945,0.218174102886532,0.6286893830363991,0.04047807500516964,1.1940560999937588,0.01565410000330303,1538450,192306
biogrid_human_physical,degree_matched,44,val,hist_gradient_boosting,supervised_pair_features,0.7615343907312637,0.7704469425364934,0.19834220344939313,0.5801333727096871,0.021154478353243824,6.118004999996629,0.33434090000082506,1538450,192306
biogrid_human_physical,degree_matched,44,test,hist_gradient_boosting,supervised_pair_features,0.7624229738131372,0.7698655224154761,0.19818101414961875,0.5799429055046946,0.021398518085180555,6.118004999996629,0.3312062999975751,1538450,192306
biogrid_human_physical,degree_matched,45,val,common_neighbors,heuristic,0.6488574729567966,0.6469471264147291,,,,0.0,0.0,1538450,192306
biogrid_human_physical,degree_matched,45,val,jaccard,heuristic,0.6658987010346911,0.6770720467340156,,,,0.0,0.0,1538450,192306
biogrid_human_physical,degree_matched,45,val,adamic_adar,heuristic,0.6577636596294723,0.6559686669249588,,,,0.0,0.0,1538450,192306
biogrid_human_physical,degree_matched,45,val,preferential_attachment,heuristic,0.5598187347602994,0.5720228268959604,,,,0.0,0.0,1538450,192306
biogrid_human_physical,degree_matched,45,test,common_neighbors,heuristic,0.6505525195747658,0.6485978902830227,,,,0.0,0.0,1538450,192306
biogrid_human_physical,degree_matched,45,test,jaccard,heuristic,0.6679627961219647,0.6789915759505276,,,,0.0,0.0,1538450,192306
biogrid_human_physical,degree_matched,45,test,adamic_adar,heuristic,0.6595099391340963,0.6579117016005906,,,,0.0,0.0,1538450,192306
biogrid_human_physical,degree_matched,45,test,preferential_attachment,heuristic,0.5602187516591259,0.5727289369832277,,,,0.0,0.0,1538450,192306
biogrid_human_physical,degree_matched,45,val,logistic_regression,supervised_pair_features,0.7088324205464297,0.7153764265839877,0.21838270246207553,0.6282212646986053,0.036492107250618515,1.3500608000031207,0.015633900002285372,1538450,192306
biogrid_human_physical,degree_matched,45,test,logistic_regression,supervised_pair_features,0.7104528232285913,0.717187114446813,0.2179369430180836,0.627560095511982,0.03747897213171663,1.3500608000031207,0.014932300000509713,1538450,192306
biogrid_human_physical,degree_matched,45,val,hist_gradient_boosting,supervised_pair_features,0.761135461778945,0.7704641195226393,0.19847722162676074,0.5803685504175737,0.02064320358651667,5.803482700001041,0.34753519999503624,1538450,192306
biogrid_human_physical,degree_matched,45,test,hist_gradient_boosting,supervised_pair_features,0.7621390784524408,0.7723240578672671,0.19803344325324265,0.5793022272540186,0.02235108129652515,5.803482700001041,0.3243417999983649,1538450,192306
biogrid_human_physical,degree_matched,46,val,common_neighbors,heuristic,0.6478151432451543,0.646764237862805,,,,0.0,0.0,1538450,192306
biogrid_human_physical,degree_matched,46,val,jaccard,heuristic,0.6657149867974946,0.6778297505949445,,,,0.0,0.0,1538450,192306
biogrid_human_physical,degree_matched,46,val,adamic_adar,heuristic,0.6567447278253115,0.6558733182033067,,,,0.0,0.0,1538450,192306
biogrid_human_physical,degree_matched,46,val,preferential_attachment,heuristic,0.558617832072505,0.5705639065552285,,,,0.0,0.0,1538450,192306
biogrid_human_physical,degree_matched,46,test,common_neighbors,heuristic,0.6499049955214325,0.6486027894317106,,,,0.0,0.0,1538450,192306
biogrid_human_physical,degree_matched,46,test,jaccard,heuristic,0.6667940182766852,0.6781705117663941,,,,0.0,0.0,1538450,192306
biogrid_human_physical,degree_matched,46,test,adamic_adar,heuristic,0.6588453587597731,0.6579218551019667,,,,0.0,0.0,1538450,192306
biogrid_human_physical,degree_matched,46,test,preferential_attachment,heuristic,0.5607140718500028,0.5734424262594716,,,,0.0,0.0,1538450,192306
biogrid_human_physical,degree_matched,46,val,logistic_regression,supervised_pair_features,0.7101796559603886,0.7166795998045676,0.21805230774060472,0.6279891107892142,0.0372976646934282,1.3071549000014784,0.015241399996739347,1538450,192306
biogrid_human_physical,degree_matched,46,test,logistic_regression,supervised_pair_features,0.7095955831409122,0.7166191744576366,0.21811743935194075,0.6277867779834109,0.03746420291583336,1.3071549000014784,0.01603130000148667,1538450,192306
biogrid_human_physical,degree_matched,46,val,hist_gradient_boosting,supervised_pair_features,0.7605398006553554,0.7701879365515334,0.1985518132616782,0.5804468629225379,0.019748729472431406,5.91733839999506,0.3480987999937497,1538450,192306
biogrid_human_physical,degree_matched,46,test,hist_gradient_boosting,supervised_pair_features,0.7620092301412005,0.7711038451839946,0.1981467733195055,0.5796151015403066,0.020621695997633693,5.91733839999506,0.3202938000031281,1538450,192306
biogrid_human_physical,degree_matched,47,val,common_neighbors,heuristic,0.6481185512295913,0.645912848380393,,,,0.0,0.0,1538450,192306
biogrid_human_physical,degree_matched,47,val,jaccard,heuristic,0.6661732727311316,0.6771127983429842,,,,0.0,0.0,1538450,192306
biogrid_human_physical,degree_matched,47,val,adamic_adar,heuristic,0.6568748306415109,0.6548730355395633,,,,0.0,0.0,1538450,192306
biogrid_human_physical,degree_matched,47,val,preferential_attachment,heuristic,0.5582424874447087,0.5702769951126964,,,,0.0,0.0,1538450,192306
biogrid_human_physical,degree_matched,47,test,common_neighbors,heuristic,0.652272445053001,0.6506915748765785,,,,0.0,0.0,1538450,192306
biogrid_human_physical,degree_matched,47,test,jaccard,heuristic,0.6693564770685614,0.6803344430102912,,,,0.0,0.0,1538450,192306
biogrid_human_physical,degree_matched,47,test,adamic_adar,heuristic,0.6611902745974705,0.6599415632187294,,,,0.0,0.0,1538450,192306
biogrid_human_physical,degree_matched,47,test,preferential_attachment,heuristic,0.5621264581539724,0.5746263042265013,,,,0.0,0.0,1538450,192306
biogrid_human_physical,degree_matched,47,val,logistic_regression,supervised_pair_features,0.7084829492194413,0.7149315036121076,0.2184925325533859,0.6286912452023415,0.0371636636662947,1.339556700004323,0.0153370999978506,1538450,192306
biogrid_human_physical,degree_matched,47,test,logistic_regression,supervised_pair_features,0.7109296140415127,0.7179795303044351,0.21777687131756973,0.6270152238199908,0.037380557938241424,1.339556700004323,0.015131299995118752,1538450,192306
biogrid_human_physical,degree_matched,47,val,hist_gradient_boosting,supervised_pair_features,0.7596497090394118,0.7686299493757217,0.19899740257761192,0.5814670631944371,0.018985740308362406,5.840245299994422,0.330410499998834,1538450,192306
biogrid_human_physical,degree_matched,47,test,hist_gradient_boosting,supervised_pair_features,0.763194304524178,0.7719899857969119,0.19777016998272723,0.578805869363625,0.02150030318560884,5.840245299994422,0.33611470000323607,1538450,192306
biogrid_human_physical,degree_matched,48,val,common_neighbors,heuristic,0.6487888212445317,0.6457508033185264,,,,0.0,0.0,1538450,192306
biogrid_human_physical,degree_matched,48,val,jaccard,heuristic,0.6660719657503766,0.6765922736126047,,,,0.0,0.0,1538450,192306
biogrid_human_physical,degree_matched,48,val,adamic_adar,heuristic,0.6576552280782053,0.6548147988909604,,,,0.0,0.0,1538450,192306
biogrid_human_physical,degree_matched,48,val,preferential_attachment,heuristic,0.559249234215534,0.5708565711323818,,,,0.0,0.0,1538450,192306
biogrid_human_physical,degree_matched,48,test,common_neighbors,heuristic,0.6498763474351484,0.6481936150224146,,,,0.0,0.0,1538450,192306
biogrid_human_physical,degree_matched,48,test,jaccard,heuristic,0.6672544280233811,0.6775965942185108,,,,0.0,0.0,1538450,192306
biogrid_human_physical,degree_matched,48,test,adamic_adar,heuristic,0.658863551213399,0.6574376582639617,,,,0.0,0.0,1538450,192306
biogrid_human_physical,degree_matched,48,test,preferential_attachment,heuristic,0.56041996130056,0.5733752298922167,,,,0.0,0.0,1538450,192306
biogrid_human_physical,degree_matched,48,val,logistic_regression,supervised_pair_features,0.7086654308976648,0.7145969256690485,0.21847241773701379,0.6290701728077747,0.03749668775542466,1.5411126999970293,0.015568700000585523,1538450,192306
biogrid_human_physical,degree_matched,48,test,logistic_regression,supervised_pair_features,0.7097608773518376,0.7161031043715851,0.21820001382087337,0.6283683852961521,0.037508046693054346,1.5411126999970293,0.015432599997438956,1538450,192306
biogrid_human_physical,degree_matched,48,val,hist_gradient_boosting,supervised_pair_features,0.7610814125185621,0.7697485634845316,0.1984788355508082,0.5803858886262081,0.019547985775781467,5.977307199995266,0.3528619999997318,1538450,192306
biogrid_human_physical,degree_matched,48,test,hist_gradient_boosting,supervised_pair_features,0.761744909813663,0.7703239818748154,0.19827137797049804,0.5799550808495134,0.02001856875699609,5.977307199995266,0.3506596000006539,1538450,192306
biogrid_human_physical,degree_matched,49,val,common_neighbors,heuristic,0.648687690135032,0.6473892355118372,,,,0.0,0.0,1538450,192306
biogrid_human_physical,degree_matched,49,val,jaccard,heuristic,0.6661896930601281,0.6770987834986737,,,,0.0,0.0,1538450,192306
biogrid_human_physical,degree_matched,49,val,adamic_adar,heuristic,0.6576945211345601,0.6566417195299865,,,,0.0,0.0,1538450,192306
biogrid_human_physical,degree_matched,49,val,preferential_attachment,heuristic,0.5591719815768534,0.5719261429333056,,,,0.0,0.0,1538450,192306
biogrid_human_physical,degree_matched,49,test,common_neighbors,heuristic,0.6504209667941669,0.64893529919965,,,,0.0,0.0,1538450,192306
biogrid_human_physical,degree_matched,49,test,jaccard,heuristic,0.6668352283946201,0.6774235462761369,,,,0.0,0.0,1538450,192306
biogrid_human_physical,degree_matched,49,test,adamic_adar,heuristic,0.6593732960379884,0.6580727136228653,,,,0.0,0.0,1538450,192306
biogrid_human_physical,degree_matched,49,test,preferential_attachment,heuristic,0.561622946591728,0.574620542982656,,,,0.0,0.0,1538450,192306
biogrid_human_physical,degree_matched,49,val,logistic_regression,supervised_pair_features,0.7098089955001531,0.7158085362109222,0.2182403993525841,0.6284186808077835,0.038206898126148754,1.4561450999972294,0.015378399999463,1538450,192306
biogrid_human_physical,degree_matched,49,test,logistic_regression,supervised_pair_features,0.708342894426488,0.7146197774402556,0.2186025629650905,0.629105983851331,0.03713954550548827,1.4561450999972294,0.01595660000020871,1538450,192306
biogrid_human_physical,degree_matched,49,val,hist_gradient_boosting,supervised_pair_features,0.7610456014102095,0.7700821331834283,0.19849239413342198,0.5802978137604845,0.020693011764339048,5.846341199998278,0.33835309999994934,1538450,192306
biogrid_human_physical,degree_matched,49,test,hist_gradient_boosting,supervised_pair_features,0.7616847068980965,0.7699615506734958,0.19831494587804932,0.5801905468656253,0.02165528923989917,5.846341199998278,0.3206701000017347,1538450,192306
biogrid_human_physical,degree_matched,50,val,common_neighbors,heuristic,0.6485172812180883,0.6461097071713399,,,,0.0,0.0,1538450,192306
biogrid_human_physical,degree_matched,50,val,jaccard,heuristic,0.6668985472383069,0.6780085812280023,,,,0.0,0.0,1538450,192306
biogrid_human_physical,degree_matched,50,val,adamic_adar,heuristic,0.6574613598718999,0.6552492388387868,,,,0.0,0.0,1538450,192306
biogrid_human_physical,degree_matched,50,val,preferential_attachment,heuristic,0.5579585189124845,0.5695950006758834,,,,0.0,0.0,1538450,192306
biogrid_human_physical,degree_matched,50,test,common_neighbors,heuristic,0.6485982436478208,0.6472503968471498,,,,0.0,0.0,1538450,192306
biogrid_human_physical,degree_matched,50,test,jaccard,heuristic,0.6656737253026556,0.6760306901584443,,,,0.0,0.0,1538450,192306
biogrid_human_physical,degree_matched,50,test,adamic_adar,heuristic,0.6576887616754341,0.6565879715453816,,,,0.0,0.0,1538450,192306
biogrid_human_physical,degree_matched,50,test,preferential_attachment,heuristic,0.5603117899327523,0.5727942412422761,,,,0.0,0.0,1538450,192306
biogrid_human_physical,degree_matched,50,val,logistic_regression,supervised_pair_features,0.7107463329386596,0.717221178083355,0.21797965523965318,0.6274054754119794,0.03833897290398218,1.4286977000010666,0.015671200002543628,1538450,192306
biogrid_human_physical,degree_matched,50,test,logistic_regression,supervised_pair_features,0.7085260861335277,0.7146969042933986,0.21850701385136506,0.6290406078733765,0.03646744642503953,1.4286977000010666,0.01625340000464348,1538450,192306
biogrid_human_physical,degree_matched,50,val,hist_gradient_boosting,supervised_pair_features,0.7620863431428634,0.771816148596225,0.19809139490520253,0.579387039145539,0.020288910675994073,6.118633099998988,0.35871810000389814,1538450,192306
biogrid_human_physical,degree_matched,50,test,hist_gradient_boosting,supervised_pair_features,0.7611434555385146,0.7697042539220408,0.19844354907173092,0.5804157767700311,0.019899547543820305,6.118633099998988,0.3568827999988571,1538450,192306
biogrid_human_physical,degree_matched,51,val,common_neighbors,heuristic,0.6481110997938067,0.6469024115868375,,,,0.0,0.0,1538450,192306
biogrid_human_physical,degree_matched,51,val,jaccard,heuristic,0.6655114479435467,0.6772272427393672,,,,0.0,0.0,1538450,192306
biogrid_human_physical,degree_matched,51,val,adamic_adar,heuristic,0.657137754869277,0.6561251585573624,,,,0.0,0.0,1538450,192306
biogrid_human_physical,degree_matched,51,val,preferential_attachment,heuristic,0.5593206242627132,0.5715525702824615,,,,0.0,0.0,1538450,192306
biogrid_human_physical,degree_matched,51,test,common_neighbors,heuristic,0.6492707735434948,0.647839568763485,,,,0.0,0.0,1538450,192306
biogrid_human_physical,degree_matched,51,test,jaccard,heuristic,0.666417522860315,0.6772172754441192,,,,0.0,0.0,1538450,192306
biogrid_human_physical,degree_matched,51,test,adamic_adar,heuristic,0.6582580178824593,0.6572098980238879,,,,0.0,0.0,1538450,192306
biogrid_human_physical,degree_matched,51,test,preferential_attachment,heuristic,0.5599055550224094,0.5728083258849185,,,,0.0,0.0,1538450,192306
biogrid_human_physical,degree_matched,51,val,logistic_regression,supervised_pair_features,0.7094646759246352,0.7167995659149885,0.21819387872649412,0.6274723307837803,0.03763401581723298,1.492632900000899,0.01621049999812385,1538450,192306
biogrid_human_physical,degree_matched,51,test,logistic_regression,supervised_pair_features,0.7097065676375909,0.7160457025364187,0.21824766917676464,0.6281493676614728,0.03769664927560095,1.492632900000899,0.016017599999031518,1538450,192306
biogrid_human_physical,degree_matched,51,val,hist_gradient_boosting,supervised_pair_features,0.7612979801768561,0.7712966596826435,0.19834392481487578,0.5799551297291722,0.020100807986684392,6.163932999996177,0.3366071999989799,1538450,192306
biogrid_human_physical,degree_matched,51,test,hist_gradient_boosting,supervised_pair_features,0.7598195391820092,0.7688726778655525,0.19885979814653346,0.5811686282749489,0.018103944134939324,6.163932999996177,0.3361071000035736,1538450,192306
string_human_physical_v12,random,42,val,random_forest,supervised_pair_features,0.9400917907930418,0.9495811900144899,0.09224097098103153,0.301823691316875,0.0046573179684077865,31.169536000001244,0.21602919999713777,1182090,147760
string_human_physical_v12,random,42,test,random_forest,supervised_pair_features,0.9409530200717651,0.9503507799720963,0.09173253595647161,0.2998825536300964,0.004765098466526356,31.169536000001244,0.22003140000015264,1182090,147760
string_human_physical_v12,random,43,val,random_forest,supervised_pair_features,0.9406533568680859,0.9499903619420615,0.0915251929995122,0.3001269982271668,0.005068731030944696,31.89712590000272,0.21284330000344198,1182090,147760
string_human_physical_v12,random,43,test,random_forest,supervised_pair_features,0.9401512456070203,0.9494341691271964,0.0926712156288632,0.3021789906872998,0.0034069602923788257,31.89712590000272,0.20648849999997765,1182090,147760
string_human_physical_v12,random,44,val,random_forest,supervised_pair_features,0.9400243874671727,0.9495466504700989,0.09244309811458039,0.3017864831051506,0.0037164857104460985,32.469913399996585,0.22005980000540148,1182090,147760
string_human_physical_v12,random,44,test,random_forest,supervised_pair_features,0.9397784014977388,0.9493293572715469,0.09246618491011628,0.30223053833085334,0.0051881310533711394,32.469913399996585,0.22129669999412727,1182090,147760
string_human_physical_v12,random,45,val,random_forest,supervised_pair_features,0.9410714343948499,0.9505754044510117,0.09185321863498054,0.2995056640998815,0.004111936989450499,31.976179599994794,0.20218439999734983,1182090,147760
string_human_physical_v12,random,45,test,random_forest,supervised_pair_features,0.9406501129738474,0.9497587935907613,0.09201920916901782,0.3009036742282764,0.0038641930558225425,31.976179599994794,0.19695669999782695,1182090,147760
string_human_physical_v12,random,46,val,random_forest,supervised_pair_features,0.9402990110721112,0.9496854019216695,0.09206049724431216,0.30105864856285763,0.0060677380051913,30.27669800000149,0.21522879999974975,1182090,147760
string_human_physical_v12,random,46,test,random_forest,supervised_pair_features,0.9414741855015039,0.950756997840698,0.09131427767356896,0.29875799843787104,0.004850383406105398,30.27669800000149,0.209456799995678,1182090,147760
string_human_physical_v12,random,47,val,random_forest,supervised_pair_features,0.9412995152809294,0.9504091920601321,0.09177653506176515,0.2992493129919858,0.0031521621911725535,29.746380299999146,0.20762919999833684,1182090,147760
string_human_physical_v12,random,47,test,random_forest,supervised_pair_features,0.9399631601084772,0.9491827200517409,0.09254598247983077,0.3022258541847074,0.0034530717790091253,29.746380299999146,0.2121733000021777,1182090,147760
string_human_physical_v12,random,48,val,random_forest,supervised_pair_features,0.9402337242653989,0.9496890276984691,0.09211786258360073,0.3012581659402808,0.004852544065742244,31.00678809999954,0.2082114000004367,1182090,147760
string_human_physical_v12,random,48,test,random_forest,supervised_pair_features,0.9419690669786297,0.9510587223739678,0.09093291473508225,0.29723954892459475,0.004827419450925245,31.00678809999954,0.21169190000364324,1182090,147760
string_human_physical_v12,random,49,val,random_forest,supervised_pair_features,0.9401529140891638,0.949637236839511,0.09238463690572966,0.30170569857300444,0.0038099961787441835,30.173401100000774,0.20564639999793144,1182090,147760
string_human_physical_v12,random,49,test,random_forest,supervised_pair_features,0.9397811790340882,0.9493619494698833,0.09256651758643977,0.30252213086309465,0.00608200230342511,30.173401100000774,0.20122779999655904,1182090,147760
string_human_physical_v12,random,50,val,random_forest,supervised_pair_features,0.940828743343293,0.9503693686817615,0.09186909729745728,0.29960506461449,0.004691468755606458,29.715409000004,0.19478299999900628,1182090,147760
string_human_physical_v12,random,50,test,random_forest,supervised_pair_features,0.9399552353221206,0.9494135908663388,0.09265294646068964,0.30221032441474704,0.004450509147894375,29.715409000004,0.19811399999889545,1182090,147760
string_human_physical_v12,random,51,val,random_forest,supervised_pair_features,0.9405031654442491,0.9497703770221904,0.09200118608756479,0.3011187963241823,0.005200303156554234,30.20117780000146,0.20113599999604048,1182090,147760
string_human_physical_v12,random,51,test,random_forest,supervised_pair_features,0.9401285134309607,0.9497903944679911,0.09239224831963186,0.3014048244151118,0.004945304603147669,30.20117780000146,0.1882183999987319,1182090,147760
string_human_physical_v12,degree_matched,42,val,random_forest,supervised_pair_features,0.8592221362016399,0.8796170970017678,0.14998046345706656,0.45568344913496506,0.009302189163023993,32.07803679999779,0.2545484000002034,1182090,147760
string_human_physical_v12,degree_matched,42,test,random_forest,supervised_pair_features,0.8602670622131501,0.880370229923292,0.14933874230160044,0.4545048410837655,0.010105916381773886,32.07803679999779,0.2618734999996377,1182090,147760
string_human_physical_v12,degree_matched,43,val,random_forest,supervised_pair_features,0.860605220874278,0.8802923891055502,0.14950945865742649,0.45436387741269924,0.010893427675982314,32.82443410000269,0.22630790000403067,1182090,147760
string_human_physical_v12,degree_matched,43,test,random_forest,supervised_pair_features,0.859891530156601,0.8802451829164417,0.14955061243781204,0.45484167771884076,0.01124008531289477,32.82443410000269,0.22011580000253161,1182090,147760
string_human_physical_v12,degree_matched,44,val,random_forest,supervised_pair_features,0.8587504192732387,0.8789053564244881,0.15023021857815475,0.45662238731941257,0.00949573968907055,33.69732249999652,0.23611890000029234,1182090,147760
string_human_physical_v12,degree_matched,44,test,random_forest,supervised_pair_features,0.8597065440921918,0.8798908582118967,0.14959963085596809,0.4551188586219221,0.010737129560469672,33.69732249999652,0.23098120000213385,1182090,147760
string_human_physical_v12,degree_matched,45,val,random_forest,supervised_pair_features,0.8594336530008568,0.8800062253568335,0.14978858751411012,0.4552151967565629,0.00913386228088361,33.00490369999898,0.2238872000016272,1182090,147760
string_human_physical_v12,degree_matched,45,test,random_forest,supervised_pair_features,0.8596860988194321,0.8802358037229003,0.14952628542505172,0.45480559436528684,0.009996790276631706,33.00490369999898,0.21597739999560872,1182090,147760
string_human_physical_v12,degree_matched,46,val,random_forest,supervised_pair_features,0.8615841456565307,0.8813702457528604,0.14875522928888735,0.45277014441896185,0.010958446512180905,31.580476700000872,0.2481675000017276,1182090,147760
string_human_physical_v12,degree_matched,46,test,random_forest,supervised_pair_features,0.8598049377288094,0.8800621024530135,0.1495408674125746,0.4548056898400725,0.010219674195262268,31.580476700000872,0.2554965000017546,1182090,147760
string_human_physical_v12,degree_matched,47,val,random_forest,supervised_pair_features,0.859107903160395,0.8794094855892878,0.15005484626237103,0.4558992978660559,0.009303159585727288,32.12097730000096,0.25687570000445703,1182090,147760
string_human_physical_v12,degree_matched,47,test,random_forest,supervised_pair_features,0.8595433190142255,0.8799119707129752,0.1497004750726105,0.4553651933951757,0.011513885360279731,32.12097730000096,0.23816449999867473,1182090,147760
string_human_physical_v12,degree_matched,48,val,random_forest,supervised_pair_features,0.8593053134350058,0.8799045413107038,0.14977419519439927,0.4555549863874439,0.011679058832718001,32.96564140000555,0.23859510000329465,1182090,147760
string_human_physical_v12,degree_matched,48,test,random_forest,supervised_pair_features,0.8611401995114042,0.8812986644601531,0.14891740129989695,0.4531214230040627,0.011123572849605893,32.96564140000555,0.2222034000005806,1182090,147760
string_human_physical_v12,degree_matched,49,val,random_forest,supervised_pair_features,0.859510613503101,0.879925721770401,0.14980962522997968,0.455295569178313,0.00945212404326606,33.3163882000008,0.22569750000548083,1182090,147760
string_human_physical_v12,degree_matched,49,test,random_forest,supervised_pair_features,0.8611732550428577,0.8819269958971413,0.1486818201181818,0.4526108814975842,0.011848510949710185,33.3163882000008,0.23316139999951702,1182090,147760
string_human_physical_v12,degree_matched,50,val,random_forest,supervised_pair_features,0.8605401043601045,0.8809370847059436,0.14902104333144195,0.4536671552468327,0.01085070198976926,32.7487878000029,0.2185481000051368,1182090,147760
string_human_physical_v12,degree_matched,50,test,random_forest,supervised_pair_features,0.8594087010675061,0.8798487224689289,0.14992721709771997,0.45578854092837406,0.010205258098485277,32.7487878000029,0.22752730000502197,1182090,147760
string_human_physical_v12,degree_matched,51,val,random_forest,supervised_pair_features,0.8605205900626398,0.880711167017801,0.14925577196343992,0.4540319294695103,0.010873147380201991,32.072462500000256,0.2525160000004689,1182090,147760
string_human_physical_v12,degree_matched,51,test,random_forest,supervised_pair_features,0.8611903594123426,0.8813751769693007,0.1488465225656412,0.4530529879002439,0.011586310474207872,32.072462500000256,0.25120030000107363,1182090,147760
biogrid_human_physical,random,42,val,random_forest,supervised_pair_features,0.9414107139630229,0.9421497372482835,0.09627877531289787,0.3086497870413092,0.005731178257298868,40.23699569999735,0.2817380999986199,1538450,192306
biogrid_human_physical,random,42,test,random_forest,supervised_pair_features,0.941777366483919,0.942632499768293,0.09592068661662936,0.3079521628036221,0.004779499586541523,40.23699569999735,0.2801354000039282,1538450,192306
biogrid_human_physical,random,43,val,random_forest,supervised_pair_features,0.9410214922711513,0.9417724599863191,0.09648837399336338,0.30984206036697304,0.005703539233388372,41.77587730000232,0.28667579999455484,1538450,192306
biogrid_human_physical,random,43,test,random_forest,supervised_pair_features,0.94139706885215,0.9418057975364266,0.09622705355767826,0.3088110348581273,0.004773863479268968,41.77587730000232,0.289733099998557,1538450,192306
biogrid_human_physical,random,44,val,random_forest,supervised_pair_features,0.9407566983567188,0.9414357318009909,0.09675031812563006,0.3105404650304439,0.004896357821753102,40.65708749999612,0.2674239999978454,1538450,192306
biogrid_human_physical,random,44,test,random_forest,supervised_pair_features,0.941066327164882,0.941753994279714,0.09652197472387435,0.30977921654611146,0.005205007348509422,40.65708749999612,0.28050680000160355,1538450,192306
biogrid_human_physical,random,45,val,random_forest,supervised_pair_features,0.9415336707926536,0.942559836751725,0.09620078009915976,0.30831188892271216,0.005928676321594274,40.21280729999853,0.2870223999998416,1538450,192306
biogrid_human_physical,random,45,test,random_forest,supervised_pair_features,0.9410063721023175,0.9420882516339462,0.09676876938102075,0.30965302607935036,0.005287321161934377,40.21280729999853,0.26797369999985676,1538450,192306
biogrid_human_physical,random,46,val,random_forest,supervised_pair_features,0.9406019575027318,0.94160470541574,0.09694427113204973,0.3108808446311065,0.005191759422482047,41.57611230000475,0.24293610000313492,1538450,192306
biogrid_human_physical,random,46,test,random_forest,supervised_pair_features,0.9410145709368563,0.9421884726937969,0.0966870772226518,0.3097081292427904,0.005876546391943553,41.57611230000475,0.2575319999959902,1538450,192306
biogrid_human_physical,random,47,val,random_forest,supervised_pair_features,0.9412793102836083,0.9423113865138941,0.09644473846165583,0.30906690196804804,0.004640409424292058,41.63961950000521,0.2831385000026785,1538450,192306
biogrid_human_physical,random,47,test,random_forest,supervised_pair_features,0.9423962937737912,0.9434677226253796,0.09539172680157375,0.30634036817442845,0.00612582201947118,41.63961950000521,0.2670501000029617,1538450,192306
biogrid_human_physical,random,48,val,random_forest,supervised_pair_features,0.9420231157911677,0.9428253961649966,0.09568167839348007,0.30725253342912523,0.004855273020632843,41.21746130000247,0.2809410000045318,1538450,192306
biogrid_human_physical,random,48,test,random_forest,supervised_pair_features,0.9417181292378279,0.9426353881709965,0.0958569497767981,0.30799985137584435,0.0055591036877276016,41.21746130000247,0.3005219000042416,1538450,192306
biogrid_human_physical,random,49,val,random_forest,supervised_pair_features,0.94176465513476,0.9425934434591587,0.09601137944862748,0.30778007374533906,0.004238238467347815,40.35394360000646,0.2692229000022053,1538450,192306
biogrid_human_physical,random,49,test,random_forest,supervised_pair_features,0.9415533504183735,0.9422242250431179,0.09615575048869357,0.3083186752704475,0.005691257499835298,40.35394360000646,0.27535110000462737,1538450,192306
biogrid_human_physical,random,50,val,random_forest,supervised_pair_features,0.9409560173821583,0.9418594323636555,0.0965614214501467,0.31004418638564235,0.005003313513820839,40.21510190000117,0.2882540999999037,1538450,192306
biogrid_human_physical,random,50,test,random_forest,supervised_pair_features,0.9412433094051957,0.9419889237251929,0.09646668496873904,0.30914694697759937,0.005115511792040726,40.21510190000117,0.29233820000081323,1538450,192306
biogrid_human_physical,random,51,val,random_forest,supervised_pair_features,0.9419156669989572,0.9422949528725456,0.09570775778515227,0.3074660348994054,0.005159336713390897,41.21028059999662,0.2886618999982602,1538450,192306
biogrid_human_physical,random,51,test,random_forest,supervised_pair_features,0.941245267784623,0.941912150333447,0.0962882997054328,0.3092271156670558,0.005879052125306233,41.21028059999662,0.2922952000008081,1538450,192306
biogrid_human_physical,degree_matched,42,val,random_forest,supervised_pair_features,0.7584128644755233,0.7699582444030567,0.1993471752289008,0.5818763344325185,0.02376047569118546,44.2511130999992,0.322451899999578,1538450,192306
biogrid_human_physical,degree_matched,42,test,random_forest,supervised_pair_features,0.7596236287167202,0.7706673042781631,0.19900264655279373,0.5810790538428109,0.023509687648205223,44.2511130999992,0.33032919999823207,1538450,192306
biogrid_human_physical,degree_matched,43,val,random_forest,supervised_pair_features,0.7602728438814168,0.7719590767871287,0.1988287116749329,0.5806873007069588,0.025682251278041038,46.32622899999842,0.29683099999965634,1538450,192306
biogrid_human_physical,degree_matched,43,test,random_forest,supervised_pair_features,0.7608034052214953,0.7723519669009795,0.1985689708752216,0.580078284965906,0.02576105402823865,46.32622899999842,0.3229752000042936,1538450,192306
biogrid_human_physical,degree_matched,44,val,random_forest,supervised_pair_features,0.7605624977818629,0.7720379611726238,0.19869886105937618,0.5804018366815198,0.025836193171069492,45.36957640000037,0.31080649999785237,1538450,192306
biogrid_human_physical,degree_matched,44,test,random_forest,supervised_pair_features,0.7608249140813295,0.7707037698416402,0.19874619747361238,0.5807196172948152,0.025935096931461878,45.36957640000037,0.32079199999861885,1538450,192306
biogrid_human_physical,degree_matched,45,val,random_forest,supervised_pair_features,0.7595216347456342,0.771016673980667,0.1990082303786521,0.5811257945422575,0.024200602210373855,47.06073230000038,0.3188875999985612,1538450,192306
biogrid_human_physical,degree_matched,45,test,random_forest,supervised_pair_features,0.7607276729606134,0.7730042153885576,0.1985024150041705,0.5798861901861748,0.025102115192221573,47.06073230000038,0.34038090000103693,1538450,192306
biogrid_human_physical,degree_matched,46,val,random_forest,supervised_pair_features,0.7593067184492039,0.7713792055599361,0.1990120445768873,0.5810350328918108,0.024918682977522835,45.23871009999857,0.33083009999973,1538450,192306
biogrid_human_physical,degree_matched,46,test,random_forest,supervised_pair_features,0.7600636785534033,0.7716561933078451,0.19885017708530145,0.580824495691977,0.025174773178520505,45.23871009999857,0.3842688000004273,1538450,192306
biogrid_human_physical,degree_matched,47,val,random_forest,supervised_pair_features,0.7584379090939066,0.7693530567962561,0.19946093576656018,0.5820735287992916,0.024039853931256527,45.994549000002735,0.32375519999914104,1538450,192306
biogrid_human_physical,degree_matched,47,test,random_forest,supervised_pair_features,0.7616231259457965,0.7729941025138344,0.19834442838595323,0.5796608048353897,0.026992758575354898,45.994549000002735,0.32724900000175694,1538450,192306
biogrid_human_physical,degree_matched,48,val,random_forest,supervised_pair_features,0.7591706648895519,0.7707312322697365,0.1990716295975962,0.5812030851359856,0.0231580519592348,46.67431010000291,0.35032700000010664,1538450,192306
biogrid_human_physical,degree_matched,48,test,random_forest,supervised_pair_features,0.7597170297112905,0.7701901992619817,0.19900499685445092,0.5813854172219498,0.02468871496973306,46.67431010000291,0.34073549999448005,1538450,192306
biogrid_human_physical,degree_matched,49,val,random_forest,supervised_pair_features,0.7597376405569197,0.7714672532643972,0.19891933642982168,0.580735118753101,0.023709356434905113,45.68283820000215,0.32123679999494925,1538450,192306
biogrid_human_physical,degree_matched,49,test,random_forest,supervised_pair_features,0.7604532159698716,0.7709518729247264,0.1987755950787691,0.5808142487583869,0.025818010775808694,45.68283820000215,0.33175499999924796,1538450,192306
biogrid_human_physical,degree_matched,50,val,random_forest,supervised_pair_features,0.7611662795930161,0.7726434801667147,0.19847492025555974,0.5798031879205628,0.026013680880453395,45.72716429999855,0.2896158000003197,1538450,192306
biogrid_human_physical,degree_matched,50,test,random_forest,supervised_pair_features,0.7589812719360907,0.7698999628847573,0.19919444615100348,0.5817698268193587,0.025807385598948906,45.72716429999855,0.28839719999814406,1538450,192306
biogrid_human_physical,degree_matched,51,val,random_forest,supervised_pair_features,0.758978030864648,0.7712506243424266,0.19911316139710616,0.581258776794252,0.02482972297362617,46.64661650000198,0.32565600000089034,1538450,192306
biogrid_human_physical,degree_matched,51,test,random_forest,supervised_pair_features,0.7581757781255418,0.7694691334186441,0.19940553684110682,0.5820705819139042,0.022783400115013338,46.64661650000198,0.3204646000012872,1538450,192306
string_human_physical_v12,two_hop,42,val,common_neighbors,heuristic,0.6925044410718562,0.7252513515950995,,,,0.0,0.0,1182090,147760
string_human_physical_v12,two_hop,42,val,jaccard,heuristic,0.6769472496554942,0.7308410342806658,,,,0.0,0.0,1182090,147760
string_human_physical_v12,two_hop,42,val,adamic_adar,heuristic,0.6805058435898481,0.7307037134394646,,,,0.0,0.0,1182090,147760
string_human_physical_v12,two_hop,42,val,preferential_attachment,heuristic,0.6060462290837891,0.6030634840285454,,,,0.0,0.0,1182090,147760
string_human_physical_v12,two_hop,42,test,common_neighbors,heuristic,0.694345272180791,0.7286742358070355,,,,0.0,0.0,1182090,147760
string_human_physical_v12,two_hop,42,test,jaccard,heuristic,0.6793059550320704,0.7320637420483064,,,,0.0,0.0,1182090,147760
string_human_physical_v12,two_hop,42,test,adamic_adar,heuristic,0.6833564497286897,0.7349490360470902,,,,0.0,0.0,1182090,147760
string_human_physical_v12,two_hop,42,test,preferential_attachment,heuristic,0.6068360568719552,0.6073084918820428,,,,0.0,0.0,1182090,147760
string_human_physical_v12,two_hop,42,val,logistic_regression,supervised_pair_features,0.7157533707113395,0.750815218648428,0.2096072795658543,0.6084181476506529,0.042410173016697084,0.8951512000057846,0.012066700001014397,1182090,147760
string_human_physical_v12,two_hop,42,test,logistic_regression,supervised_pair_features,0.7163471374657804,0.7522765481561733,0.20923701049256005,0.607285264851726,0.043269257137942316,0.8951512000057846,0.011910300003364682,1182090,147760
string_human_physical_v12,two_hop,42,val,random_forest,supervised_pair_features,0.8448521770073597,0.8556523101207201,0.16069071384145592,0.4807704041863174,0.013195295843356129,31.154236600006698,0.20861210000293795,1182090,147760
string_human_physical_v12,two_hop,42,test,random_forest,supervised_pair_features,0.8446690819321283,0.8566072929395735,0.16072008832435222,0.48118079042512174,0.013198275816415665,31.154236600006698,0.19532169999729376,1182090,147760
string_human_physical_v12,two_hop,42,val,hist_gradient_boosting,supervised_pair_features,0.8453032325682731,0.8550048684451125,0.16042301371560658,0.48011280972663556,0.009799966203690256,4.601129099988611,0.23308950000500772,1182090,147760
string_human_physical_v12,two_hop,42,test,hist_gradient_boosting,supervised_pair_features,0.844978135775423,0.8556027913092878,0.1606122722398365,0.48103547235938754,0.012514921211688073,4.601129099988611,0.2599612999911187,1182090,147760
string_human_physical_v12,two_hop,43,val,common_neighbors,heuristic,0.6935389774980075,0.7255578315363518,,,,0.0,0.0,1182090,147760
string_human_physical_v12,two_hop,43,val,jaccard,heuristic,0.6796727317253664,0.7334037932203001,,,,0.0,0.0,1182090,147760
string_human_physical_v12,two_hop,43,val,adamic_adar,heuristic,0.6816985992811182,0.7312916783619529,,,,0.0,0.0,1182090,147760
string_human_physical_v12,two_hop,43,val,preferential_attachment,heuristic,0.6037038258971587,0.6014750473376316,,,,0.0,0.0,1182090,147760
string_human_physical_v12,two_hop,43,test,common_neighbors,heuristic,0.6925506789313448,0.7266853485533181,,,,0.0,0.0,1182090,147760
string_human_physical_v12,two_hop,43,test,jaccard,heuristic,0.6784531887154253,0.7328301123445906,,,,0.0,0.0,1182090,147760
string_human_physical_v12,two_hop,43,test,adamic_adar,heuristic,0.6811991608525978,0.7328808782016676,,,,0.0,0.0,1182090,147760
string_human_physical_v12,two_hop,43,test,preferential_attachment,heuristic,0.6047321649207116,0.6035831057093056,,,,0.0,0.0,1182090,147760
string_human_physical_v12,two_hop,43,val,logistic_regression,supervised_pair_features,0.7181057081179654,0.752472090288285,0.2093370419943462,0.6073620772276473,0.045407462517295875,0.883583600007114,0.012477500000386499,1182090,147760
string_human_physical_v12,two_hop,43,test,logistic_regression,supervised_pair_features,0.7154678407807448,0.7517404998530823,0.2094193121444122,0.6078411603674935,0.042135948961108824,0.883583600007114,0.012121299994760193,1182090,147760
string_human_physical_v12,two_hop,43,val,random_forest,supervised_pair_features,0.8448428972090418,0.8555799282645147,0.16072393614388322,0.48118675036751385,0.014313831550019826,34.80050470000424,0.2866966000001412,1182090,147760
string_human_physical_v12,two_hop,43,test,random_forest,supervised_pair_features,0.8453093326870217,0.8573918480584296,0.16037434804795064,0.4803634777879631,0.013771538715676447,34.80050470000424,0.21811430000525434,1182090,147760
string_human_physical_v12,two_hop,43,val,hist_gradient_boosting,supervised_pair_features,0.845566099392509,0.8553039335791297,0.16030026502183323,0.4800373942078698,0.00990623741349985,5.359394099999918,0.2848557000106666,1182090,147760
string_human_physical_v12,two_hop,43,test,hist_gradient_boosting,supervised_pair_features,0.8458891069643071,0.8569450105241024,0.16013607420656442,0.4797270759448765,0.012674183223779856,5.359394099999918,0.2702488000068115,1182090,147760
string_human_physical_v12,two_hop,44,val,common_neighbors,heuristic,0.6936680251657014,0.7272824078217031,,,,0.0,0.0,1182090,147760
string_human_physical_v12,two_hop,44,val,jaccard,heuristic,0.6788838006524578,0.7332204445934889,,,,0.0,0.0,1182090,147760
string_human_physical_v12,two_hop,44,val,adamic_adar,heuristic,0.6823639251772509,0.7329983177691611,,,,0.0,0.0,1182090,147760
string_human_physical_v12,two_hop,44,val,preferential_attachment,heuristic,0.606776417566759,0.6043291783750161,,,,0.0,0.0,1182090,147760
string_human_physical_v12,two_hop,44,test,common_neighbors,heuristic,0.6934554378777217,0.726930548237171,,,,0.0,0.0,1182090,147760
string_human_physical_v12,two_hop,44,test,jaccard,heuristic,0.6790721103985187,0.7333669590850289,,,,0.0,0.0,1182090,147760
string_human_physical_v12,two_hop,44,test,adamic_adar,heuristic,0.6825417319317326,0.73319312048496,,,,0.0,0.0,1182090,147760
string_human_physical_v12,two_hop,44,test,preferential_attachment,heuristic,0.6052027578633931,0.6046542472214107,,,,0.0,0.0,1182090,147760
string_human_physical_v12,two_hop,44,val,logistic_regression,supervised_pair_features,0.7171026671091036,0.753448691879073,0.2089516448253958,0.6064064557677549,0.043616876411233234,0.8472449999972014,0.012026500000501983,1182090,147760
string_human_physical_v12,two_hop,44,test,logistic_regression,supervised_pair_features,0.7160844218803726,0.751792671107151,0.2094321255182907,0.6075205800084644,0.04316688109672997,0.8472449999972014,0.011884299994562753,1182090,147760
string_human_physical_v12,two_hop,44,val,random_forest,supervised_pair_features,0.8461380589919005,0.8573369533760123,0.16005637085392638,0.47953560884900087,0.014316599257620216,33.3517809999903,0.2184246999968309,1182090,147760
string_human_physical_v12,two_hop,44,test,random_forest,supervised_pair_features,0.8449369723404611,0.8566166412902392,0.16062378404520866,0.4810178250681418,0.014348080235231526,33.3517809999903,0.2187512000091374,1182090,147760
string_human_physical_v12,two_hop,44,val,hist_gradient_boosting,supervised_pair_features,0.8462417367354662,0.8565842452852346,0.1600220296903369,0.4794302540646111,0.012180598401097493,5.160013700005948,0.27563599999120925,1182090,147760
string_human_physical_v12,two_hop,44,test,hist_gradient_boosting,supervised_pair_features,0.8452037352821078,0.855964808475971,0.1605241053795815,0.4806552213269372,0.013000723700101725,5.160013700005948,0.24687479999556672,1182090,147760
string_human_physical_v12,two_hop,45,val,common_neighbors,heuristic,0.6929321543715514,0.7256503965302484,,,,0.0,0.0,1182090,147760
string_human_physical_v12,two_hop,45,val,jaccard,heuristic,0.6794269578200679,0.7342969568397103,,,,0.0,0.0,1182090,147760
string_human_physical_v12,two_hop,45,val,adamic_adar,heuristic,0.6810131570635476,0.7312425771995644,,,,0.0,0.0,1182090,147760
string_human_physical_v12,two_hop,45,val,preferential_attachment,heuristic,0.6048004872217022,0.6022031149277329,,,,0.0,0.0,1182090,147760
string_human_physical_v12,two_hop,45,test,common_neighbors,heuristic,0.6934113834085858,0.7274286231024706,,,,0.0,0.0,1182090,147760
string_human_physical_v12,two_hop,45,test,jaccard,heuristic,0.6803822261380854,0.7338968986290858,,,,0.0,0.0,1182090,147760
string_human_physical_v12,two_hop,45,test,adamic_adar,heuristic,0.6823412205741088,0.7334471563570554,,,,0.0,0.0,1182090,147760
string_human_physical_v12,two_hop,45,test,preferential_attachment,heuristic,0.6046158622617516,0.6038231925800295,,,,0.0,0.0,1182090,147760
string_human_physical_v12,two_hop,45,val,logistic_regression,supervised_pair_features,0.7169168491853367,0.7527333944254722,0.20902416238691718,0.607057504332609,0.0429490402121924,0.8744316000083927,0.012330400000791997,1182090,147760
string_human_physical_v12,two_hop,45,test,logistic_regression,supervised_pair_features,0.7158963940925875,0.7525910950576498,0.20923601146736756,0.6067610958486522,0.04188653365616684,0.8744316000083927,0.012234499998157844,1182090,147760
string_human_physical_v12,two_hop,45,val,random_forest,supervised_pair_features,0.8461725463913885,0.857557356039264,0.1600002853681819,0.4794140602510659,0.014185539417527806,33.43457129999297,0.2194904000061797,1182090,147760
string_human_physical_v12,two_hop,45,test,random_forest,supervised_pair_features,0.8434007263384424,0.8559624304663468,0.16130180091010488,0.4824781995789902,0.012703554515940385,33.43457129999297,0.22313650000432972,1182090,147760
string_human_physical_v12,two_hop,45,val,hist_gradient_boosting,supervised_pair_features,0.846549550530294,0.8570766620942141,0.15980673336059367,0.47890977582538136,0.011794076621474341,5.347956600002362,0.28302309999708086,1182090,147760
string_human_physical_v12,two_hop,45,test,hist_gradient_boosting,supervised_pair_features,0.8438440854827141,0.855487741364795,0.16114123208546222,0.482219706047208,0.011299949860799425,5.347956600002362,0.27811459999065846,1182090,147760
string_human_physical_v12,two_hop,46,val,common_neighbors,heuristic,0.695887533475904,0.7291311928200299,,,,0.0,0.0,1182090,147760
string_human_physical_v12,two_hop,46,val,jaccard,heuristic,0.6812107664860765,0.7345448762132532,,,,0.0,0.0,1182090,147760
string_human_physical_v12,two_hop,46,val,adamic_adar,heuristic,0.6845462470565682,0.7350662939360888,,,,0.0,0.0,1182090,147760
string_human_physical_v12,two_hop,46,val,preferential_attachment,heuristic,0.6073998809949203,0.6050126633070358,,,,0.0,0.0,1182090,147760
string_human_physical_v12,two_hop,46,test,common_neighbors,heuristic,0.696130447950539,0.7297273512736097,,,,0.0,0.0,1182090,147760
string_human_physical_v12,two_hop,46,test,jaccard,heuristic,0.6808516579952741,0.7345511478812053,,,,0.0,0.0,1182090,147760
string_human_physical_v12,two_hop,46,test,adamic_adar,heuristic,0.6849527935158172,0.7357051444671598,,,,0.0,0.0,1182090,147760
string_human_physical_v12,two_hop,46,test,preferential_attachment,heuristic,0.6085797341179261,0.6073593798486091,,,,0.0,0.0,1182090,147760
string_human_physical_v12,two_hop,46,val,logistic_regression,supervised_pair_features,0.7191410289524065,0.7546176660476145,0.20865762978789593,0.6056839482294469,0.04524946794166954,0.8761865999986185,0.012514500005636364,1182090,147760
string_human_physical_v12,two_hop,46,test,logistic_regression,supervised_pair_features,0.7183739716309303,0.754241064112152,0.20881694810083704,0.6057391035566106,0.045067287635677286,0.8761865999986185,0.01178760000038892,1182090,147760
string_human_physical_v12,two_hop,46,val,random_forest,supervised_pair_features,0.8461852955223192,0.8576071700376573,0.1599802667638372,0.479193261142843,0.014363113348509782,34.216233399987686,0.21137499999895226,1182090,147760
string_human_physical_v12,two_hop,46,test,random_forest,supervised_pair_features,0.8450062359680414,0.8564694186819055,0.1606112083257455,0.4808086760101635,0.014642694688252229,34.216233399987686,0.22733470000093803,1182090,147760
string_human_physical_v12,two_hop,46,val,hist_gradient_boosting,supervised_pair_features,0.8462035663819553,0.8566578657459514,0.1599472715144644,0.4790733058187892,0.011901564531697495,5.259681900002761,0.2843564999930095,1182090,147760
string_human_physical_v12,two_hop,46,test,hist_gradient_boosting,supervised_pair_features,0.8446752053183889,0.855408818100059,0.1607155169203031,0.4809532027353317,0.011515248954562993,5.259681900002761,0.2747918000095524,1182090,147760
string_human_physical_v12,two_hop,47,val,common_neighbors,heuristic,0.6917914270357204,0.7247299540854018,,,,0.0,0.0,1182090,147760
string_human_physical_v12,two_hop,47,val,jaccard,heuristic,0.677949213122056,0.7319415168692632,,,,0.0,0.0,1182090,147760
string_human_physical_v12,two_hop,47,val,adamic_adar,heuristic,0.6801122922192853,0.7303679317493935,,,,0.0,0.0,1182090,147760
string_human_physical_v12,two_hop,47,val,preferential_attachment,heuristic,0.6045175574813808,0.6023939785863235,,,,0.0,0.0,1182090,147760
string_human_physical_v12,two_hop,47,test,common_neighbors,heuristic,0.6943794080026757,0.7282935399632017,,,,0.0,0.0,1182090,147760
string_human_physical_v12,two_hop,47,test,jaccard,heuristic,0.6804395607687322,0.7347808727185271,,,,0.0,0.0,1182090,147760
string_human_physical_v12,two_hop,47,test,adamic_adar,heuristic,0.6832706284265534,0.7344972269383234,,,,0.0,0.0,1182090,147760
string_human_physical_v12,two_hop,47,test,preferential_attachment,heuristic,0.6059055735841116,0.6063916392141097,,,,0.0,0.0,1182090,147760
string_human_physical_v12,two_hop,47,val,logistic_regression,supervised_pair_features,0.71572781537995,0.7511453871609054,0.20960299770954044,0.6078030366650579,0.041545811057564934,0.8818958999909228,0.012418899990734644,1182090,147760
string_human_physical_v12,two_hop,47,test,logistic_regression,supervised_pair_features,0.7172220660876488,0.7529545117711243,0.20912757539965007,0.606864323705659,0.043822784423369336,0.8818958999909228,0.01180759999260772,1182090,147760
string_human_physical_v12,two_hop,47,val,random_forest,supervised_pair_features,0.8436434451461259,0.8555117063120695,0.1611875747399393,0.4817583282841485,0.012209234479143702,33.94714679999743,0.20557920000283048,1182090,147760
string_human_physical_v12,two_hop,47,test,random_forest,supervised_pair_features,0.8459851911629477,0.8575844977562371,0.1601027813271295,0.479648732204016,0.014340615106266885,33.94714679999743,0.20609579999290872,1182090,147760
string_human_physical_v12,two_hop,47,val,hist_gradient_boosting,supervised_pair_features,0.8442659641331485,0.8552571102121473,0.16089063567352724,0.48089699350441784,0.010568462692609396,5.133306099989568,0.28763410000829026,1182090,147760
string_human_physical_v12,two_hop,47,test,hist_gradient_boosting,supervised_pair_features,0.8462765333913349,0.8570593854659451,0.15996314533540348,0.4792309828100378,0.012472537996624683,5.133306099989568,0.2594366999983322,1182090,147760
string_human_physical_v12,two_hop,48,val,common_neighbors,heuristic,0.6933162097574638,0.7261055811478494,,,,0.0,0.0,1182090,147760
string_human_physical_v12,two_hop,48,val,jaccard,heuristic,0.6787980623438878,0.7327473102475938,,,,0.0,0.0,1182090,147760
string_human_physical_v12,two_hop,48,val,adamic_adar,heuristic,0.6815963870243937,0.731865174021198,,,,0.0,0.0,1182090,147760
string_human_physical_v12,two_hop,48,val,preferential_attachment,heuristic,0.6052922544247846,0.6036298575269518,,,,0.0,0.0,1182090,147760
string_human_physical_v12,two_hop,48,test,common_neighbors,heuristic,0.6966812676411712,0.7292483646793804,,,,0.0,0.0,1182090,147760
string_human_physical_v12,two_hop,48,test,jaccard,heuristic,0.6819836926252466,0.7346682748167237,,,,0.0,0.0,1182090,147760
string_human_physical_v12,two_hop,48,test,adamic_adar,heuristic,0.6857931188586593,0.7354958218326239,,,,0.0,0.0,1182090,147760
string_human_physical_v12,two_hop,48,test,preferential_attachment,heuristic,0.607429699594068,0.6056619388198379,,,,0.0,0.0,1182090,147760
string_human_physical_v12,two_hop,48,val,logistic_regression,supervised_pair_features,0.7173096255828604,0.7524578556586595,0.20936891174302807,0.6070985500653222,0.04511133808836567,0.8856793000013568,0.012037300009978935,1182090,147760
string_human_physical_v12,two_hop,48,test,logistic_regression,supervised_pair_features,0.7192731930010444,0.7544016878293923,0.2087827176753857,0.6061667449183615,0.04624998329159975,0.8856793000013568,0.01226850000966806,1182090,147760
string_human_physical_v12,two_hop,48,val,random_forest,supervised_pair_features,0.8464321438553688,0.8576939076258172,0.15992075100117323,0.4788956587815499,0.014451515165873407,34.58088589999534,0.22222389999660663,1182090,147760
string_human_physical_v12,two_hop,48,test,random_forest,supervised_pair_features,0.8456252057434333,0.8567714773203154,0.1603366562321228,0.4802893889272369,0.014600608312350556,34.58088589999534,0.21790090001013596,1182090,147760
string_human_physical_v12,two_hop,48,val,hist_gradient_boosting,supervised_pair_features,0.8467324056020549,0.8571828289754494,0.15973546429310423,0.47814744848297913,0.011733249529518866,5.12986760000058,0.26584059999731835,1182090,147760
string_human_physical_v12,two_hop,48,test,hist_gradient_boosting,supervised_pair_features,0.8455793777219325,0.8560348934216726,0.16032126210985462,0.48019776921457435,0.011774644491780626,5.12986760000058,0.26733219999005087,1182090,147760
string_human_physical_v12,two_hop,49,val,common_neighbors,heuristic,0.6936166801789232,0.7275053629233094,,,,0.0,0.0,1182090,147760
string_human_physical_v12,two_hop,49,val,jaccard,heuristic,0.6786386192442772,0.732607941455026,,,,0.0,0.0,1182090,147760
string_human_physical_v12,two_hop,49,val,adamic_adar,heuristic,0.6817832248713068,0.733227002367356,,,,0.0,0.0,1182090,147760
string_human_physical_v12,two_hop,49,val,preferential_attachment,heuristic,0.6065114707735133,0.604748762344288,,,,0.0,0.0,1182090,147760
string_human_physical_v12,two_hop,49,test,common_neighbors,heuristic,0.6951361387626052,0.7279892050096416,,,,0.0,0.0,1182090,147760
string_human_physical_v12,two_hop,49,test,jaccard,heuristic,0.6806865216835625,0.7338938984090543,,,,0.0,0.0,1182090,147760
string_human_physical_v12,two_hop,49,test,adamic_adar,heuristic,0.6841054737206824,0.7343325856835994,,,,0.0,0.0,1182090,147760
string_human_physical_v12,two_hop,49,test,preferential_attachment,heuristic,0.6062185285830576,0.6057648853396966,,,,0.0,0.0,1182090,147760
string_human_physical_v12,two_hop,49,val,logistic_regression,supervised_pair_features,0.7172230408498366,0.7530343788905485,0.20895939426308316,0.6064753420990777,0.04281288418024029,0.8725378999952227,0.012126299989176914,1182090,147760
string_human_physical_v12,two_hop,49,test,logistic_regression,supervised_pair_features,0.7168713858408652,0.7520716640704692,0.2093341861010797,0.6077504321573741,0.04380472630304816,0.8725378999952227,0.0117230999894673,1182090,147760
string_human_physical_v12,two_hop,49,val,random_forest,supervised_pair_features,0.8459885551505257,0.8578064519865662,0.16004859454434808,0.47943539913753896,0.014091550562337166,33.8399994999927,0.19386089999170508,1182090,147760
string_human_physical_v12,two_hop,49,test,random_forest,supervised_pair_features,0.8463255809403094,0.8576163843327452,0.15998830126887884,0.4793285716097568,0.01501550206516422,33.8399994999927,0.19803410000167787,1182090,147760
string_human_physical_v12,two_hop,49,val,hist_gradient_boosting,supervised_pair_features,0.8466609824012599,0.8573257156580812,0.1597423198511718,0.47864888671925465,0.012225088471370875,5.1134505000081845,0.27006860000255983,1182090,147760
string_human_physical_v12,two_hop,49,test,hist_gradient_boosting,supervised_pair_features,0.846477875783877,0.8567117822097539,0.15989602672560363,0.47908891396855463,0.01375410897615471,5.1134505000081845,0.24765409999236,1182090,147760
string_human_physical_v12,two_hop,50,val,common_neighbors,heuristic,0.691011852067577,0.7239787033244433,,,,0.0,0.0,1182090,147760
string_human_physical_v12,two_hop,50,val,jaccard,heuristic,0.6789945024365299,0.7331207440853467,,,,0.0,0.0,1182090,147760
string_human_physical_v12,two_hop,50,val,adamic_adar,heuristic,0.679511927751114,0.7297770271932238,,,,0.0,0.0,1182090,147760
string_human_physical_v12,two_hop,50,val,preferential_attachment,heuristic,0.6015243438451678,0.5987049286439291,,,,0.0,0.0,1182090,147760
string_human_physical_v12,two_hop,50,test,common_neighbors,heuristic,0.6926747734587086,0.7269784845234102,,,,0.0,0.0,1182090,147760
string_human_physical_v12,two_hop,50,test,jaccard,heuristic,0.6789824127655171,0.7339762626393536,,,,0.0,0.0,1182090,147760
string_human_physical_v12,two_hop,50,test,adamic_adar,heuristic,0.681138904591915,0.7329229692740216,,,,0.0,0.0,1182090,147760
string_human_physical_v12,two_hop,50,test,preferential_attachment,heuristic,0.604473158488179,0.6047953140267759,,,,0.0,0.0,1182090,147760
string_human_physical_v12,two_hop,50,val,logistic_regression,supervised_pair_features,0.7164827776257552,0.7521973045535152,0.20913572951206552,0.6068611476833612,0.041498566611331056,0.8933402999973623,0.012044900009641424,1182090,147760
string_human_physical_v12,two_hop,50,test,logistic_regression,supervised_pair_features,0.7153965179783486,0.7523648073517836,0.20931313805122664,0.606949827078321,0.04263041437107006,0.8933402999973623,0.01180910000402946,1182090,147760
string_human_physical_v12,two_hop,50,val,random_forest,supervised_pair_features,0.8448268547175082,0.8567345348379769,0.16060600623411408,0.48080305835160864,0.01220345714254391,33.585343400001875,0.22822599999199156,1182090,147760
string_human_physical_v12,two_hop,50,test,random_forest,supervised_pair_features,0.8452498612926507,0.8569152596873755,0.16046452998697808,0.4802193689248461,0.014930082970117919,33.585343400001875,0.2159862999978941,1182090,147760
string_human_physical_v12,two_hop,50,val,hist_gradient_boosting,supervised_pair_features,0.8452125627380065,0.8562445288342007,0.1604372420254824,0.48027743139453116,0.011743116186804467,5.071399500011466,0.2563783999939915,1182090,147760
string_human_physical_v12,two_hop,50,test,hist_gradient_boosting,supervised_pair_features,0.8456665527535691,0.8564825390844695,0.1602417429602224,0.4795908840683916,0.012325919904749731,5.071399500011466,0.24485380000260193,1182090,147760
string_human_physical_v12,two_hop,51,val,common_neighbors,heuristic,0.6923977250858808,0.7247721673781592,,,,0.0,0.0,1182090,147760
string_human_physical_v12,two_hop,51,val,jaccard,heuristic,0.6787712026577581,0.7307227217778314,,,,0.0,0.0,1182090,147760
string_human_physical_v12,two_hop,51,val,adamic_adar,heuristic,0.6807271853250373,0.7305644042866435,,,,0.0,0.0,1182090,147760
string_human_physical_v12,two_hop,51,val,preferential_attachment,heuristic,0.6051197767550007,0.6025786855683786,,,,0.0,0.0,1182090,147760
string_human_physical_v12,two_hop,51,test,common_neighbors,heuristic,0.6929673860566118,0.7269684514011918,,,,0.0,0.0,1182090,147760
string_human_physical_v12,two_hop,51,test,jaccard,heuristic,0.6798858139518011,0.7348040924836323,,,,0.0,0.0,1182090,147760
string_human_physical_v12,two_hop,51,test,adamic_adar,heuristic,0.6816490770382561,0.7331082683577792,,,,0.0,0.0,1182090,147760
string_human_physical_v12,two_hop,51,test,preferential_attachment,heuristic,0.6035369041245128,0.6033668199738528,,,,0.0,0.0,1182090,147760
string_human_physical_v12,two_hop,51,val,logistic_regression,supervised_pair_features,0.7158141339106511,0.7501702151292016,0.20973215027714553,0.6090982993230879,0.04280857406404873,0.872085099996184,0.012320800000452437,1182090,147760
string_human_physical_v12,two_hop,51,test,logistic_regression,supervised_pair_features,0.7167539155925015,0.7527468674246537,0.2089888799816058,0.6070833491234948,0.04278872710985782,0.872085099996184,0.012210299988510087,1182090,147760
string_human_physical_v12,two_hop,51,val,random_forest,supervised_pair_features,0.8430276689741687,0.85445286481154,0.16152434442647085,0.4827232608457374,0.011858999750872457,33.15310269998736,0.21538239999790676,1182090,147760
string_human_physical_v12,two_hop,51,test,random_forest,supervised_pair_features,0.8471214274109319,0.8586971172621863,0.15955695071475445,0.47846788078986485,0.015492564174507192,33.15310269998736,0.21163540000270586,1182090,147760
string_human_physical_v12,two_hop,51,val,hist_gradient_boosting,supervised_pair_features,0.8430326208320373,0.8534830901614106,0.1614874697889545,0.4827219186746364,0.008191721969234964,5.099583999995957,0.26539889999548905,1182090,147760
string_human_physical_v12,two_hop,51,test,hist_gradient_boosting,supervised_pair_features,0.8472383893466013,0.8581188086247347,0.15947624211055483,0.47805995334089496,0.013231404564536123,5.099583999995957,0.27045559999533,1182090,147760
biogrid_human_physical,two_hop,42,val,common_neighbors,heuristic,0.6080390132229062,0.6247056639231149,,,,0.0,0.0,1538450,192306
biogrid_human_physical,two_hop,42,val,jaccard,heuristic,0.5744218179292724,0.6006616913347954,,,,0.0,0.0,1538450,192306
biogrid_human_physical,two_hop,42,val,adamic_adar,heuristic,0.5934737668724983,0.6205988169287161,,,,0.0,0.0,1538450,192306
biogrid_human_physical,two_hop,42,val,preferential_attachment,heuristic,0.590600129150137,0.5867875588330799,,,,0.0,0.0,1538450,192306
biogrid_human_physical,two_hop,42,test,common_neighbors,heuristic,0.6117270538354954,0.6321123892074847,,,,0.0,0.0,1538450,192306
biogrid_human_physical,two_hop,42,test,jaccard,heuristic,0.577646927162625,0.604762010801883,,,,0.0,0.0,1538450,192306
biogrid_human_physical,two_hop,42,test,adamic_adar,heuristic,0.5977344789042202,0.6288413826828163,,,,0.0,0.0,1538450,192306
biogrid_human_physical,two_hop,42,test,preferential_attachment,heuristic,0.5934983890645671,0.5944641106808956,,,,0.0,0.0,1538450,192306
biogrid_human_physical,two_hop,42,val,logistic_regression,supervised_pair_features,0.6616857572475265,0.6540928520862145,0.2333563905223858,0.6613823361553176,0.031569713230473466,1.2156650999968406,0.015483099996345118,1538450,192306
biogrid_human_physical,two_hop,42,test,logistic_regression,supervised_pair_features,0.6586475955351557,0.6544350955398373,0.23365417216969028,0.6615911686711993,0.030995527715556352,1.2156650999968406,0.016158200000063516,1538450,192306
biogrid_human_physical,two_hop,42,val,random_forest,supervised_pair_features,0.7673720726000925,0.7734866823341302,0.19615898388378242,0.5694650305850393,0.02721065816672689,48.49442600000475,0.2450507000030484,1538450,192306
biogrid_human_physical,two_hop,42,test,random_forest,supervised_pair_features,0.7660727193251753,0.7728738748992062,0.19656433478742974,0.5704211104989327,0.026421804311229848,48.49442600000475,0.2573201000050176,1538450,192306
biogrid_human_physical,two_hop,42,val,hist_gradient_boosting,supervised_pair_features,0.7714049164341518,0.7759905860486562,0.19395940909486106,0.5637865926829797,0.018580689917990615,6.485010399992461,0.4155058000033023,1538450,192306
biogrid_human_physical,two_hop,42,test,hist_gradient_boosting,supervised_pair_features,0.7695445308803099,0.7745690392745315,0.1945997849598939,0.565341902518862,0.017535467542806295,6.485010399992461,0.4032004000036977,1538450,192306
biogrid_human_physical,two_hop,43,val,common_neighbors,heuristic,0.6099235877263115,0.6279019629403211,,,,0.0,0.0,1538450,192306
biogrid_human_physical,two_hop,43,val,jaccard,heuristic,0.5772073076480757,0.6026740419736328,,,,0.0,0.0,1538450,192306
biogrid_human_physical,two_hop,43,val,adamic_adar,heuristic,0.5954568246279213,0.6239820589191869,,,,0.0,0.0,1538450,192306
biogrid_human_physical,two_hop,43,val,preferential_attachment,heuristic,0.5902250117705001,0.5893421896209767,,,,0.0,0.0,1538450,192306
biogrid_human_physical,two_hop,43,test,common_neighbors,heuristic,0.6136560343706834,0.6329668430204135,,,,0.0,0.0,1538450,192306
biogrid_human_physical,two_hop,43,test,jaccard,heuristic,0.5802746089885017,0.6057981205520041,,,,0.0,0.0,1538450,192306
biogrid_human_physical,two_hop,43,test,adamic_adar,heuristic,0.5999972072704642,0.6300049875244043,,,,0.0,0.0,1538450,192306
biogrid_human_physical,two_hop,43,test,preferential_attachment,heuristic,0.5933860644419023,0.5944194074106686,,,,0.0,0.0,1538450,192306
biogrid_human_physical,two_hop,43,val,logistic_regression,supervised_pair_features,0.6617825632329045,0.6556428976182835,0.2333342401907904,0.6612777198169892,0.031149425357831714,1.1784406999940984,0.016097300002002157,1538450,192306
biogrid_human_physical,two_hop,43,test,logistic_regression,supervised_pair_features,0.659342470652584,0.6539349732704409,0.2337740120585552,0.662053715605395,0.03141872150749736,1.1784406999940984,0.015583300002617761,1538450,192306
biogrid_human_physical,two_hop,43,val,random_forest,supervised_pair_features,0.7671413002553171,0.7735907030085121,0.1962015739423342,0.5695589531683038,0.02722562602725354,46.19680219999282,0.24896730000909884,1538450,192306
biogrid_human_physical,two_hop,43,test,random_forest,supervised_pair_features,0.7662076119290349,0.7726623314566977,0.19655175675895023,0.5705795777193279,0.026055743034799607,46.19680219999282,0.27235890000883956,1538450,192306
biogrid_human_physical,two_hop,43,val,hist_gradient_boosting,supervised_pair_features,0.7704754801686253,0.7754059697133423,0.1941579773142722,0.5640050587754319,0.01730178913454544,6.8289870000007795,0.4366048999945633,1538450,192306
biogrid_human_physical,two_hop,43,test,hist_gradient_boosting,supervised_pair_features,0.7682827774412271,0.7732495403672764,0.19506296050947713,0.5663954524698419,0.016743228355341366,6.8289870000007795,0.41952589999709744,1538450,192306
biogrid_human_physical,two_hop,44,val,common_neighbors,heuristic,0.6098445942758729,0.6269504850726808,,,,0.0,0.0,1538450,192306
biogrid_human_physical,two_hop,44,val,jaccard,heuristic,0.5760644681629892,0.6007830749698925,,,,0.0,0.0,1538450,192306
biogrid_human_physical,two_hop,44,val,adamic_adar,heuristic,0.5954212301137807,0.6231935460613354,,,,0.0,0.0,1538450,192306
biogrid_human_physical,two_hop,44,val,preferential_attachment,heuristic,0.5912654015443196,0.5897364561099051,,,,0.0,0.0,1538450,192306
biogrid_human_physical,two_hop,44,test,common_neighbors,heuristic,0.6111313034242544,0.6307349336409023,,,,0.0,0.0,1538450,192306
biogrid_human_physical,two_hop,44,test,jaccard,heuristic,0.5763861813057557,0.60192253019138,,,,0.0,0.0,1538450,192306
biogrid_human_physical,two_hop,44,test,adamic_adar,heuristic,0.5973934312262875,0.6276792032683374,,,,0.0,0.0,1538450,192306
biogrid_human_physical,two_hop,44,test,preferential_attachment,heuristic,0.5933991735023808,0.5936622108579255,,,,0.0,0.0,1538450,192306
biogrid_human_physical,two_hop,44,val,logistic_regression,supervised_pair_features,0.6599103216201572,0.6525398071190988,0.23385405488800282,0.6626926427286618,0.031886775924274975,1.1502436000009766,0.015899599995464087,1538450,192306
biogrid_human_physical,two_hop,44,test,logistic_regression,supervised_pair_features,0.6562986863058953,0.6514406624786523,0.2341334177600848,0.6631525216915165,0.031059122791458012,1.1502436000009766,0.015773499995702878,1538450,192306
biogrid_human_physical,two_hop,44,val,random_forest,supervised_pair_features,0.7654265983480564,0.7714920486885788,0.19669641899869184,0.5705350097442088,0.02665566975934293,47.06801370000176,0.2583872999966843,1538450,192306
biogrid_human_physical,two_hop,44,test,random_forest,supervised_pair_features,0.7636566140806301,0.7706778811197375,0.19745438987261546,0.5726900772569797,0.024624234246292297,47.06801370000176,0.2694891999999527,1538450,192306
biogrid_human_physical,two_hop,44,val,hist_gradient_boosting,supervised_pair_features,0.7691175456495629,0.7733838912751184,0.19463457891570654,0.565105901971242,0.016988278887557877,6.413696599993273,0.4222464000049513,1538450,192306
biogrid_human_physical,two_hop,44,test,hist_gradient_boosting,supervised_pair_features,0.7669580158535259,0.7723999976588088,0.1956734586213394,0.5679475300157608,0.01857578032372908,6.413696599993273,0.39579589999630116,1538450,192306
biogrid_human_physical,two_hop,45,val,common_neighbors,heuristic,0.6109373735115828,0.62890215800591,,,,0.0,0.0,1538450,192306
biogrid_human_physical,two_hop,45,val,jaccard,heuristic,0.5772464962200315,0.6029418988141966,,,,0.0,0.0,1538450,192306
biogrid_human_physical,two_hop,45,val,adamic_adar,heuristic,0.5965544660656856,0.6249710293256784,,,,0.0,0.0,1538450,192306
biogrid_human_physical,two_hop,45,val,preferential_attachment,heuristic,0.592381910690474,0.5905310218009936,,,,0.0,0.0,1538450,192306
biogrid_human_physical,two_hop,45,test,common_neighbors,heuristic,0.6104844822610518,0.630147717899983,,,,0.0,0.0,1538450,192306
biogrid_human_physical,two_hop,45,test,jaccard,heuristic,0.5766751760134801,0.603728472456763,,,,0.0,0.0,1538450,192306
biogrid_human_physical,two_hop,45,test,adamic_adar,heuristic,0.5965604819226042,0.6267961148493663,,,,0.0,0.0,1538450,192306
biogrid_human_physical,two_hop,45,test,preferential_attachment,heuristic,0.5920647468914558,0.5916122329984143,,,,0.0,0.0,1538450,192306
biogrid_human_physical,two_hop,45,val,logistic_regression,supervised_pair_features,0.6621182943206255,0.6568517447501571,0.23302686967722233,0.6604363520805453,0.03126932800971662,1.1779346999974223,0.0158687000075588,1538450,192306
biogrid_human_physical,two_hop,45,test,logistic_regression,supervised_pair_features,0.6575020140917311,0.6536032010250554,0.23377054461797211,0.6617827487361833,0.028351857013612838,1.1779346999974223,0.015855700010433793,1538450,192306
biogrid_human_physical,two_hop,45,val,random_forest,supervised_pair_features,0.7677612311794934,0.7744744052336876,0.19593135979434634,0.5689381202639767,0.02643830905014183,50.19278710000799,0.251425599999493,1538450,192306
biogrid_human_physical,two_hop,45,test,random_forest,supervised_pair_features,0.7654272309329497,0.7726504485453087,0.1967547287576934,0.5708831465043682,0.025098109538116965,50.19278710000799,0.25584639998851344,1538450,192306
biogrid_human_physical,two_hop,45,val,hist_gradient_boosting,supervised_pair_features,0.7710110018136048,0.7761439421169396,0.19404896452272027,0.5639298163592162,0.017981299145769746,6.4652061000088,0.40958750000572763,1538450,192306
biogrid_human_physical,two_hop,45,test,hist_gradient_boosting,supervised_pair_features,0.7687124291873846,0.7745054354288863,0.19497577965328405,0.5661449037506544,0.018633556681259218,6.4652061000088,0.39568789998884313,1538450,192306
biogrid_human_physical,two_hop,46,val,common_neighbors,heuristic,0.6085151361901535,0.6282553615415064,,,,0.0,0.0,1538450,192306
biogrid_human_physical,two_hop,46,val,jaccard,heuristic,0.5756981756589896,0.6042721362922803,,,,0.0,0.0,1538450,192306
biogrid_human_physical,two_hop,46,val,adamic_adar,heuristic,0.5940575132593495,0.6244186737007108,,,,0.0,0.0,1538450,192306
biogrid_human_physical,two_hop,46,val,preferential_attachment,heuristic,0.5904140535763414,0.5889749939151088,,,,0.0,0.0,1538450,192306
biogrid_human_physical,two_hop,46,test,common_neighbors,heuristic,0.6114796256391782,0.6309445212515438,,,,0.0,0.0,1538450,192306
biogrid_human_physical,two_hop,46,test,jaccard,heuristic,0.577189313671543,0.6046699082018048,,,,0.0,0.0,1538450,192306
biogrid_human_physical,two_hop,46,test,adamic_adar,heuristic,0.5977942684249911,0.6277861322075775,,,,0.0,0.0,1538450,192306
biogrid_human_physical,two_hop,46,test,preferential_attachment,heuristic,0.5923709324194973,0.5925353407630062,,,,0.0,0.0,1538450,192306
biogrid_human_physical,two_hop,46,val,logistic_regression,supervised_pair_features,0.6601596470844259,0.6554101667211428,0.233416613611414,0.6611685464428669,0.030352812154344877,1.18011660000775,0.015389100008178502,1538450,192306
biogrid_human_physical,two_hop,46,test,logistic_regression,supervised_pair_features,0.6587186715883289,0.6536808880752909,0.2337869196001151,0.6617471448407156,0.032207230772233406,1.18011660000775,0.015620799997122958,1538450,192306
biogrid_human_physical,two_hop,46,val,random_forest,supervised_pair_features,0.7658492990153953,0.7731351776129217,0.1965505422118459,0.5701888383325142,0.02600412930786227,47.421739700002945,0.26631009999255184,1538450,192306
biogrid_human_physical,two_hop,46,test,random_forest,supervised_pair_features,0.7661670354776124,0.7727230675646011,0.19665468102316785,0.5707099769831077,0.026096544123968387,47.421739700002945,0.2677064000017708,1538450,192306
biogrid_human_physical,two_hop,46,val,hist_gradient_boosting,supervised_pair_features,0.7700365571626544,0.7757238065755234,0.19439604740231564,0.56448586926391,0.018127834130393268,6.427129900010186,0.44920010000350885,1538450,192306
biogrid_human_physical,two_hop,46,test,hist_gradient_boosting,supervised_pair_features,0.7697948388873115,0.7746142270415033,0.1946878877830977,0.5655379254410096,0.020667915117456276,6.427129900010186,0.4038676000054693,1538450,192306
biogrid_human_physical,two_hop,47,val,common_neighbors,heuristic,0.6086178609571415,0.6258090217122129,,,,0.0,0.0,1538450,192306
biogrid_human_physical,two_hop,47,val,jaccard,heuristic,0.5756062740588085,0.6017084235266265,,,,0.0,0.0,1538450,192306
biogrid_human_physical,two_hop,47,val,adamic_adar,heuristic,0.594123735222611,0.6218477633562041,,,,0.0,0.0,1538450,192306
biogrid_human_physical,two_hop,47,val,preferential_attachment,heuristic,0.5898634956961653,0.5874927478271711,,,,0.0,0.0,1538450,192306
biogrid_human_physical,two_hop,47,test,common_neighbors,heuristic,0.6140511002124516,0.6350022664787012,,,,0.0,0.0,1538450,192306
biogrid_human_physical,two_hop,47,test,jaccard,heuristic,0.5789503448914761,0.6066514079929541,,,,0.0,0.0,1538450,192306
biogrid_human_physical,two_hop,47,test,adamic_adar,heuristic,0.6003547529917211,0.6319042766387534,,,,0.0,0.0,1538450,192306
biogrid_human_physical,two_hop,47,test,preferential_attachment,heuristic,0.5948776848024653,0.5960281022174377,,,,0.0,0.0,1538450,192306
biogrid_human_physical,two_hop,47,val,logistic_regression,supervised_pair_features,0.6600809828247411,0.6538891931777012,0.23361101235959933,0.6618263785074092,0.03042825864467699,1.199370500005898,0.01569960000051651,1538450,192306
biogrid_human_physical,two_hop,47,test,logistic_regression,supervised_pair_features,0.6594851619460198,0.6561397649414831,0.2333893723534206,0.6614486599916228,0.030935954201390493,1.199370500005898,0.01617689999693539,1538450,192306
biogrid_human_physical,two_hop,47,val,random_forest,supervised_pair_features,0.7671663541756241,0.7731462541291186,0.19618938054405444,0.5694673617412294,0.02831287896166861,46.71407000000181,0.26844790000177454,1538450,192306
biogrid_human_physical,two_hop,47,test,random_forest,supervised_pair_features,0.7661860973907006,0.773087534619416,0.1965617334884386,0.5704464411468679,0.026553891971491758,46.71407000000181,0.283021799987182,1538450,192306
biogrid_human_physical,two_hop,47,val,hist_gradient_boosting,supervised_pair_features,0.7709920683427773,0.7756892619577578,0.19401696026790904,0.5637883348525508,0.01648732021349367,7.168470399992657,0.4315745999920182,1538450,192306
biogrid_human_physical,two_hop,47,test,hist_gradient_boosting,supervised_pair_features,0.7689918813111605,0.7739853734562135,0.1949573886229288,0.5661305965373777,0.01816557710805911,7.168470399992657,0.40463929998804815,1538450,192306
biogrid_human_physical,two_hop,48,val,common_neighbors,heuristic,0.6104977852558235,0.6279253830023109,,,,0.0,0.0,1538450,192306
biogrid_human_physical,two_hop,48,val,jaccard,heuristic,0.5759228154401523,0.6018350208155271,,,,0.0,0.0,1538450,192306
biogrid_human_physical,two_hop,48,val,adamic_adar,heuristic,0.596124813346071,0.6240037771517769,,,,0.0,0.0,1538450,192306
biogrid_human_physical,two_hop,48,val,preferential_attachment,heuristic,0.5925504551666038,0.590046442359637,,,,0.0,0.0,1538450,192306
biogrid_human_physical,two_hop,48,test,common_neighbors,heuristic,0.6134163897753571,0.6327634070751473,,,,0.0,0.0,1538450,192306
biogrid_human_physical,two_hop,48,test,jaccard,heuristic,0.5791368170949726,0.6060124458549119,,,,0.0,0.0,1538450,192306
biogrid_human_physical,two_hop,48,test,adamic_adar,heuristic,0.5995425633103657,0.6296010411908449,,,,0.0,0.0,1538450,192306
biogrid_human_physical,two_hop,48,test,preferential_attachment,heuristic,0.5943958330399914,0.5939060271508485,,,,0.0,0.0,1538450,192306
biogrid_human_physical,two_hop,48,val,logistic_regression,supervised_pair_features,0.6616692209689694,0.6554459388888919,0.2333153601153236,0.6616385135887077,0.0311163612327371,1.1813239000039175,0.01565659999323543,1538450,192306
biogrid_human_physical,two_hop,48,test,logistic_regression,supervised_pair_features,0.6607140033402531,0.6555764860090961,0.23342633611451152,0.6612313715280689,0.030009302128903747,1.1813239000039175,0.016016600013244897,1538450,192306
biogrid_human_physical,two_hop,48,val,random_forest,supervised_pair_features,0.7684667916113821,0.7742374801865625,0.19572845185091006,0.5685329032804809,0.027773843647805597,47.319630300000426,0.2491232000029413,1538450,192306
biogrid_human_physical,two_hop,48,test,random_forest,supervised_pair_features,0.767266356994226,0.7735931609183364,0.19612752229961608,0.5694321440211847,0.026105631732056263,47.319630300000426,0.26863950000551995,1538450,192306
biogrid_human_physical,two_hop,48,val,hist_gradient_boosting,supervised_pair_features,0.7711378943845042,0.7755040610960517,0.19392590540683588,0.5635699458884984,0.017105184030078043,6.51280460000271,0.40614649999770336,1538450,192306
biogrid_human_physical,two_hop,48,test,hist_gradient_boosting,supervised_pair_features,0.7698046870827189,0.7749813627849986,0.19448452202615338,0.5649417956430555,0.01779730378380494,6.51280460000271,0.4017309000046225,1538450,192306
biogrid_human_physical,two_hop,49,val,common_neighbors,heuristic,0.6112685163713516,0.6280983758117011,,,,0.0,0.0,1538450,192306
biogrid_human_physical,two_hop,49,val,jaccard,heuristic,0.5771127562434982,0.603095137930915,,,,0.0,0.0,1538450,192306
biogrid_human_physical,two_hop,49,val,adamic_adar,heuristic,0.5968044192475623,0.6243634898083038,,,,0.0,0.0,1538450,192306
biogrid_human_physical,two_hop,49,val,preferential_attachment,heuristic,0.5932492052923919,0.5904263061627283,,,,0.0,0.0,1538450,192306
biogrid_human_physical,two_hop,49,test,common_neighbors,heuristic,0.613701726880148,0.6336046184184854,,,,0.0,0.0,1538450,192306
biogrid_human_physical,two_hop,49,test,jaccard,heuristic,0.5781640574442379,0.604320668364306,,,,0.0,0.0,1538450,192306
biogrid_human_physical,two_hop,49,test,adamic_adar,heuristic,0.599628057453456,0.6302154565362972,,,,0.0,0.0,1538450,192306
biogrid_human_physical,two_hop,49,test,preferential_attachment,heuristic,0.5950057871642568,0.5953676629366038,,,,0.0,0.0,1538450,192306
biogrid_human_physical,two_hop,49,val,logistic_regression,supervised_pair_features,0.661792067906106,0.6553288239978377,0.23337841587984592,0.66106209193993,0.03191291058489004,1.21133330000157,0.016032100000302307,1538450,192306
biogrid_human_physical,two_hop,49,test,logistic_regression,supervised_pair_features,0.6619764790304474,0.6574140061974967,0.23312290467905966,0.6608171626706111,0.03283775649198782,1.21133330000157,0.01584300000104122,1538450,192306
biogrid_human_physical,two_hop,49,val,random_forest,supervised_pair_features,0.7662457082280066,0.7730169506337978,0.19641613911006375,0.569953859140977,0.025796619509021162,47.43776230000367,0.24031510000349954,1538450,192306
biogrid_human_physical,two_hop,49,test,random_forest,supervised_pair_features,0.7673965742998005,0.7742792376782183,0.19605372155152812,0.569049330319192,0.027318213678946636,47.43776230000367,0.2676463999960106,1538450,192306
biogrid_human_physical,two_hop,49,val,hist_gradient_boosting,supervised_pair_features,0.7704402191717146,0.775077219562026,0.19424236731376457,0.5643396277947229,0.016504391587287236,6.573679399996763,0.421682599990163,1538450,192306
biogrid_human_physical,two_hop,49,test,hist_gradient_boosting,supervised_pair_features,0.770777621198604,0.7761411146223931,0.194115751068131,0.5639562878582681,0.01809545168047342,6.573679399996763,0.3952925000048708,1538450,192306
biogrid_human_physical,two_hop,50,val,common_neighbors,heuristic,0.6081390794243836,0.626630659204586,,,,0.0,0.0,1538450,192306
biogrid_human_physical,two_hop,50,val,jaccard,heuristic,0.5749977575684854,0.6009310487454692,,,,0.0,0.0,1538450,192306
biogrid_human_physical,two_hop,50,val,adamic_adar,heuristic,0.5936363437319185,0.622669171416513,,,,0.0,0.0,1538450,192306
biogrid_human_physical,two_hop,50,val,preferential_attachment,heuristic,0.5891357579097966,0.5876887781532825,,,,0.0,0.0,1538450,192306
biogrid_human_physical,two_hop,50,test,common_neighbors,heuristic,0.6114369841606916,0.6312380902081768,,,,0.0,0.0,1538450,192306
biogrid_human_physical,two_hop,50,test,jaccard,heuristic,0.5770718443279317,0.6038857026531615,,,,0.0,0.0,1538450,192306
biogrid_human_physical,two_hop,50,test,adamic_adar,heuristic,0.5977163648679745,0.6281660505383629,,,,0.0,0.0,1538450,192306
biogrid_human_physical,two_hop,50,test,preferential_attachment,heuristic,0.5928859438634989,0.5933954089794515,,,,0.0,0.0,1538450,192306
biogrid_human_physical,two_hop,50,val,logistic_regression,supervised_pair_features,0.6613345033042044,0.6551164010084072,0.2333455011537785,0.6611719885566907,0.030469964496720084,1.1925873000000138,0.01598070000181906,1538450,192306
biogrid_human_physical,two_hop,50,test,logistic_regression,supervised_pair_features,0.6585797270773162,0.653589080150584,0.23371125540772922,0.6621933351580949,0.032106686393549945,1.1925873000000138,0.015769699995871633,1538450,192306
biogrid_human_physical,two_hop,50,val,random_forest,supervised_pair_features,0.7672790609883753,0.7735744817419348,0.19621364139009492,0.5697514978286545,0.027740114805405752,46.924432699990575,0.2799665000056848,1538450,192306
biogrid_human_physical,two_hop,50,test,random_forest,supervised_pair_features,0.7669557721970777,0.7745629930193052,0.19619867973362695,0.5694926748818289,0.025898259728713836,46.924432699990575,0.2697935000032885,1538450,192306
biogrid_human_physical,two_hop,50,val,hist_gradient_boosting,supervised_pair_features,0.770568252093564,0.775432999723541,0.19432081257589912,0.5646633098476744,0.018992483655523643,6.6715537999989465,0.4173941999906674,1538450,192306
biogrid_human_physical,two_hop,50,test,hist_gradient_boosting,supervised_pair_features,0.7696291050523288,0.7753920865697628,0.19466035554053834,0.5653734380881501,0.01782584222974145,6.6715537999989465,0.4187887000007322,1538450,192306
biogrid_human_physical,two_hop,51,val,common_neighbors,heuristic,0.6116443069506766,0.6294463671521069,,,,0.0,0.0,1538450,192306
biogrid_human_physical,two_hop,51,val,jaccard,heuristic,0.5774928900640641,0.6033797642386327,,,,0.0,0.0,1538450,192306
biogrid_human_physical,two_hop,51,val,adamic_adar,heuristic,0.5973221572909118,0.6256466904578588,,,,0.0,0.0,1538450,192306
biogrid_human_physical,two_hop,51,val,preferential_attachment,heuristic,0.5931194257180414,0.591220480357537,,,,0.0,0.0,1538450,192306
biogrid_human_physical,two_hop,51,test,common_neighbors,heuristic,0.6116096386269169,0.6300284442408215,,,,0.0,0.0,1538450,192306
biogrid_human_physical,two_hop,51,test,jaccard,heuristic,0.5772083170149604,0.6041948631466643,,,,0.0,0.0,1538450,192306
biogrid_human_physical,two_hop,51,test,adamic_adar,heuristic,0.5974711372796679,0.6266923566416254,,,,0.0,0.0,1538450,192306
biogrid_human_physical,two_hop,51,test,preferential_attachment,heuristic,0.5934512639506886,0.5920767178694238,,,,0.0,0.0,1538450,192306
biogrid_human_physical,two_hop,51,val,logistic_regression,supervised_pair_features,0.6621591048344074,0.6558870715161611,0.2331665223188446,0.660768552261899,0.03192090975135024,1.17338939999172,0.015705400001024827,1538450,192306
biogrid_human_physical,two_hop,51,test,logistic_regression,supervised_pair_features,0.6586734498535498,0.6533367703034685,0.2339335639061004,0.6628039079673347,0.030967509956190197,1.17338939999172,0.015851799995289184,1538450,192306
biogrid_human_physical,two_hop,51,val,random_forest,supervised_pair_features,0.7655742145774505,0.7720868716410827,0.1967139482754819,0.5708127438695018,0.026438003283091788,46.637885199990706,0.26723429998673964,1538450,192306
biogrid_human_physical,two_hop,51,test,random_forest,supervised_pair_features,0.7656355134975867,0.7722747470434467,0.19665507344855487,0.5705698120533256,0.027040613894745158,46.637885199990706,0.26643780000449624,1538450,192306
biogrid_human_physical,two_hop,51,val,hist_gradient_boosting,supervised_pair_features,0.7690307145171817,0.7737641884250739,0.19469959406750442,0.56541987412883,0.015662059078736884,6.476929500000551,0.3986371000064537,1538450,192306
biogrid_human_physical,two_hop,51,test,hist_gradient_boosting,supervised_pair_features,0.7690534283006225,0.7739831180285672,0.1947383090158907,0.5654374810664785,0.01605748030000426,6.476929500000551,0.3889941999950679,1538450,192306
biogrid_human_physical_no_string_overlap,two_hop,42,val,common_neighbors,heuristic,0.48577958534293336,0.5153292999763345,,,,0.0,0.0,860806,107600
biogrid_human_physical_no_string_overlap,two_hop,42,val,jaccard,heuristic,0.397297831013944,0.43921413583881425,,,,0.0,0.0,860806,107600
biogrid_human_physical_no_string_overlap,two_hop,42,val,adamic_adar,heuristic,0.4502965271347826,0.49905123260062756,,,,0.0,0.0,860806,107600
biogrid_human_physical_no_string_overlap,two_hop,42,val,preferential_attachment,heuristic,0.5582501822459612,0.5483984530718204,,,,0.0,0.0,860806,107600
biogrid_human_physical_no_string_overlap,two_hop,42,test,common_neighbors,heuristic,0.48854435434833676,0.5200520141492345,,,,0.0,0.0,860806,107600
biogrid_human_physical_no_string_overlap,two_hop,42,test,jaccard,heuristic,0.3989199254432636,0.44103476919415147,,,,0.0,0.0,860806,107600
biogrid_human_physical_no_string_overlap,two_hop,42,test,adamic_adar,heuristic,0.4544932031757438,0.504732756135507,,,,0.0,0.0,860806,107600
biogrid_human_physical_no_string_overlap,two_hop,42,test,preferential_attachment,heuristic,0.560709496482912,0.55286018826738,,,,0.0,0.0,860806,107600
biogrid_human_physical_no_string_overlap,two_hop,42,val,logistic_regression,supervised_pair_features,0.7558981053329832,0.7258227901074047,0.21801781282320515,0.6516940207798929,0.1024719898074803,0.7821333000028972,0.008541799994418398,860806,107600
biogrid_human_physical_no_string_overlap,two_hop,42,test,logistic_regression,supervised_pair_features,0.749035516714805,0.7204263742875484,0.21965901275789626,0.6516588632279444,0.09791860628155602,0.7821333000028972,0.008595999999670312,860806,107600
biogrid_human_physical_no_string_overlap,two_hop,42,val,random_forest,supervised_pair_features,0.8186341895150703,0.8345120015277188,0.17707478988636274,0.5185157475104443,0.046496413356986524,24.21029129999806,0.1347142000013264,860806,107600
biogrid_human_physical_no_string_overlap,two_hop,42,test,random_forest,supervised_pair_features,0.8141759839554457,0.8300963236369007,0.17817649501653526,0.5207430345569756,0.042435637162273644,24.21029129999806,0.1413577999919653,860806,107600
biogrid_human_physical_no_string_overlap,two_hop,42,val,hist_gradient_boosting,supervised_pair_features,0.8396440679371485,0.853615285007904,0.1631288737582144,0.48585883616354286,0.012782165586808314,4.000799999994342,0.22259049999411218,860806,107600
biogrid_human_physical_no_string_overlap,two_hop,42,test,hist_gradient_boosting,supervised_pair_features,0.8336939577258468,0.8482467963668332,0.16601496448236733,0.49225059392812187,0.012819944734418774,4.000799999994342,0.2056384000024991,860806,107600
biogrid_human_physical_no_string_overlap,two_hop,43,val,common_neighbors,heuristic,0.48629841212808006,0.517722974049538,,,,0.0,0.0,860806,107600
biogrid_human_physical_no_string_overlap,two_hop,43,val,jaccard,heuristic,0.3983219391315764,0.44035561961904757,,,,0.0,0.0,860806,107600
biogrid_human_physical_no_string_overlap,two_hop,43,val,adamic_adar,heuristic,0.45141765419217533,0.5014616859016573,,,,0.0,0.0,860806,107600
biogrid_human_physical_no_string_overlap,two_hop,43,val,preferential_attachment,heuristic,0.558267235285582,0.5486700412845168,,,,0.0,0.0,860806,107600
biogrid_human_physical_no_string_overlap,two_hop,43,test,common_neighbors,heuristic,0.48946148788712157,0.5200263712103027,,,,0.0,0.0,860806,107600
biogrid_human_physical_no_string_overlap,two_hop,43,test,jaccard,heuristic,0.39888821965561566,0.44040874988251616,,,,0.0,0.0,860806,107600
biogrid_human_physical_no_string_overlap,two_hop,43,test,adamic_adar,heuristic,0.45496205172675885,0.5044208066377371,,,,0.0,0.0,860806,107600
biogrid_human_physical_no_string_overlap,two_hop,43,test,preferential_attachment,heuristic,0.560891719296306,0.5541154879853978,,,,0.0,0.0,860806,107600
biogrid_human_physical_no_string_overlap,two_hop,43,val,logistic_regression,supervised_pair_features,0.7555706687649425,0.7255187305728424,0.21794472173098978,0.6491038534017122,0.10175563882247211,0.6885724000021582,0.00875320000341162,860806,107600
biogrid_human_physical_no_string_overlap,two_hop,43,test,logistic_regression,supervised_pair_features,0.7508510406158013,0.7219466190715117,0.2192749426358682,0.6513984727866987,0.09801638630149835,0.6885724000021582,0.0086038000008557,860806,107600
biogrid_human_physical_no_string_overlap,two_hop,43,val,random_forest,supervised_pair_features,0.8144747151435165,0.830048710201455,0.17817354642566452,0.5204419902623352,0.04430495392687524,24.749048400000902,0.14245660000597127,860806,107600
biogrid_human_physical_no_string_overlap,two_hop,43,test,random_forest,supervised_pair_features,0.8136578187835989,0.82988312984866,0.178468011964339,0.5215525016357939,0.04190777522812812,24.749048400000902,0.1329641000047559,860806,107600
biogrid_human_physical_no_string_overlap,two_hop,43,val,hist_gradient_boosting,supervised_pair_features,0.8361795323102224,0.8496343828321451,0.16483408352834292,0.4894159682248238,0.010538337787524136,4.01933480000298,0.2070854000048712,860806,107600
biogrid_human_physical_no_string_overlap,two_hop,43,test,hist_gradient_boosting,supervised_pair_features,0.8337242020909054,0.8484502496653563,0.16604478135376882,0.49222797140180125,0.012600920257412631,4.01933480000298,0.20050690000061877,860806,107600
biogrid_human_physical_no_string_overlap,two_hop,44,val,common_neighbors,heuristic,0.48595119781373947,0.5139773371762152,,,,0.0,0.0,860806,107600
biogrid_human_physical_no_string_overlap,two_hop,44,val,jaccard,heuristic,0.3972372417462446,0.43820227635487563,,,,0.0,0.0,860806,107600
biogrid_human_physical_no_string_overlap,two_hop,44,val,adamic_adar,heuristic,0.45077151763380824,0.4978104387741463,,,,0.0,0.0,860806,107600
biogrid_human_physical_no_string_overlap,two_hop,44,val,preferential_attachment,heuristic,0.5586583225079809,0.5472330475486359,,,,0.0,0.0,860806,107600
biogrid_human_physical_no_string_overlap,two_hop,44,test,common_neighbors,heuristic,0.48791453925457084,0.52033045849598,,,,0.0,0.0,860806,107600
biogrid_human_physical_no_string_overlap,two_hop,44,test,jaccard,heuristic,0.3962777233247191,0.43906302078512116,,,,0.0,0.0,860806,107600
biogrid_human_physical_no_string_overlap,two_hop,44,test,adamic_adar,heuristic,0.4536401371249707,0.5049852910840934,,,,0.0,0.0,860806,107600
biogrid_human_physical_no_string_overlap,two_hop,44,test,preferential_attachment,heuristic,0.56307618952198,0.5557952563134826,,,,0.0,0.0,860806,107600
biogrid_human_physical_no_string_overlap,two_hop,44,val,logistic_regression,supervised_pair_features,0.7543671385483893,0.7231563473331181,0.2183516104714275,0.648468546327864,0.10458444986118876,0.5708955000009155,0.008574400009820238,860806,107600
biogrid_human_physical_no_string_overlap,two_hop,44,test,logistic_regression,supervised_pair_features,0.7529513532842277,0.723115000055083,0.21893372441209105,0.6529851395238228,0.10230976723370591,0.5708955000009155,0.008545099990442395,860806,107600
biogrid_human_physical_no_string_overlap,two_hop,44,val,random_forest,supervised_pair_features,0.8179108250646067,0.8331277504504903,0.1769194628622703,0.5177802332176511,0.04518031245135733,24.40702909999527,0.1344707000098424,860806,107600
biogrid_human_physical_no_string_overlap,two_hop,44,test,random_forest,supervised_pair_features,0.8154385962396872,0.830766015155152,0.17769169209569544,0.5197554540096754,0.04294728724516907,24.40702909999527,0.14702860001125373,860806,107600
biogrid_human_physical_no_string_overlap,two_hop,44,val,hist_gradient_boosting,supervised_pair_features,0.8389785079324498,0.8527138316150351,0.1634419638700613,0.48629572216682393,0.011151353700373791,3.960991300002206,0.21085750000202097,860806,107600
biogrid_human_physical_no_string_overlap,two_hop,44,test,hist_gradient_boosting,supervised_pair_features,0.8354643613272342,0.8493229197004758,0.16517292051373214,0.49047028323589925,0.009816510385956064,3.960991300002206,0.20652829999744426,860806,107600
biogrid_human_physical_no_string_overlap,two_hop,45,val,common_neighbors,heuristic,0.48597542668011784,0.5154765867373646,,,,0.0,0.0,860806,107600
biogrid_human_physical_no_string_overlap,two_hop,45,val,jaccard,heuristic,0.3982382787344011,0.4395006545255745,,,,0.0,0.0,860806,107600
biogrid_human_physical_no_string_overlap,two_hop,45,val,adamic_adar,heuristic,0.45075410994872933,0.49933571681059286,,,,0.0,0.0,860806,107600
biogrid_human_physical_no_string_overlap,two_hop,45,val,preferential_attachment,heuristic,0.5583542740564669,0.5482133669453593,,,,0.0,0.0,860806,107600
biogrid_human_physical_no_string_overlap,two_hop,45,test,common_neighbors,heuristic,0.4896823646370282,0.5188027581964544,,,,0.0,0.0,860806,107600
biogrid_human_physical_no_string_overlap,two_hop,45,test,jaccard,heuristic,0.3976555496054505,0.4390479095085634,,,,0.0,0.0,860806,107600
biogrid_human_physical_no_string_overlap,two_hop,45,test,adamic_adar,heuristic,0.45551480597283067,0.5032188695597561,,,,0.0,0.0,860806,107600
biogrid_human_physical_no_string_overlap,two_hop,45,test,preferential_attachment,heuristic,0.5632720719724714,0.554501370148448,,,,0.0,0.0,860806,107600
biogrid_human_physical_no_string_overlap,two_hop,45,val,logistic_regression,supervised_pair_features,0.7534997013239176,0.7225677909449937,0.21824852832835892,0.651322608267324,0.10189448157893351,0.6747251999913715,0.008533799991710111,860806,107600
biogrid_human_physical_no_string_overlap,two_hop,45,test,logistic_regression,supervised_pair_features,0.752637527120963,0.7248933895745313,0.2185711355860768,0.6510680689353973,0.09814250792485352,0.6747251999913715,0.00864210000145249,860806,107600
biogrid_human_physical_no_string_overlap,two_hop,45,val,random_forest,supervised_pair_features,0.8154064779370103,0.8305884110769161,0.17818430775303531,0.5210602302310707,0.04569852753772373,24.545218199986266,0.21192489999521058,860806,107600
biogrid_human_physical_no_string_overlap,two_hop,45,test,random_forest,supervised_pair_features,0.815789047104103,0.8312941175695099,0.17809392302324054,0.5209511996889724,0.045885135712095744,24.545218199986266,0.1430224000068847,860806,107600
biogrid_human_physical_no_string_overlap,two_hop,45,val,hist_gradient_boosting,supervised_pair_features,0.836608453103191,0.8503095582168375,0.16459000530755769,0.48913142197089077,0.010116805760240957,3.9119449999998324,0.22243080000043847,860806,107600
biogrid_human_physical_no_string_overlap,two_hop,45,test,hist_gradient_boosting,supervised_pair_features,0.8364627833017786,0.8512710807447531,0.16471669051255497,0.48947327007779873,0.014668183135044642,3.9119449999998324,0.20825760001025628,860806,107600
biogrid_human_physical_no_string_overlap,two_hop,46,val,common_neighbors,heuristic,0.4881873193087436,0.5184636793828804,,,,0.0,0.0,860806,107600
biogrid_human_physical_no_string_overlap,two_hop,46,val,jaccard,heuristic,0.39905310560937524,0.43981013679918224,,,,0.0,0.0,860806,107600
biogrid_human_physical_no_string_overlap,two_hop,46,val,adamic_adar,heuristic,0.45351355979049485,0.5023376754360102,,,,0.0,0.0,860806,107600
biogrid_human_physical_no_string_overlap,two_hop,46,val,preferential_attachment,heuristic,0.5609927428103536,0.5513018729380283,,,,0.0,0.0,860806,107600
biogrid_human_physical_no_string_overlap,two_hop,46,test,common_neighbors,heuristic,0.4859998901341883,0.5166411878116199,,,,0.0,0.0,860806,107600
biogrid_human_physical_no_string_overlap,two_hop,46,test,jaccard,heuristic,0.39439804435400283,0.43642977114652426,,,,0.0,0.0,860806,107600
biogrid_human_physical_no_string_overlap,two_hop,46,test,adamic_adar,heuristic,0.4518414135376791,0.5012562364310571,,,,0.0,0.0,860806,107600
biogrid_human_physical_no_string_overlap,two_hop,46,test,preferential_attachment,heuristic,0.5618637582744849,0.5534616359551128,,,,0.0,0.0,860806,107600
biogrid_human_physical_no_string_overlap,two_hop,46,val,logistic_regression,supervised_pair_features,0.7546422755351638,0.7243820221472761,0.21858359239640446,0.6507255760096863,0.10498762491436849,0.6779117999976734,0.008583699993323535,860806,107600
biogrid_human_physical_no_string_overlap,two_hop,46,test,logistic_regression,supervised_pair_features,0.7519184989151615,0.7203772680038354,0.21932508671743164,0.6494526045700211,0.10308879070879585,0.6779117999976734,0.008548600002541207,860806,107600
biogrid_human_physical_no_string_overlap,two_hop,46,val,random_forest,supervised_pair_features,0.8170910595832009,0.832441593589564,0.17750820150789165,0.5195701595377722,0.04627355141561627,23.585139300004812,0.19521869999880437,860806,107600
biogrid_human_physical_no_string_overlap,two_hop,46,test,random_forest,supervised_pair_features,0.8180567669393735,0.8329111122023869,0.17681877017697614,0.5173790505597032,0.04476649149038103,23.585139300004812,0.13930180000897963,860806,107600
biogrid_human_physical_no_string_overlap,two_hop,46,val,hist_gradient_boosting,supervised_pair_features,0.8370600544492199,0.8513468694382971,0.16433345777907082,0.48861991242965347,0.010831883534350198,3.9127986000094097,0.20166380000591744,860806,107600
biogrid_human_physical_no_string_overlap,two_hop,46,test,hist_gradient_boosting,supervised_pair_features,0.8365380493290584,0.8506212240777561,0.16470753077310937,0.4890200870963383,0.012875062549357557,3.9127986000094097,0.2094753999990644,860806,107600
biogrid_human_physical_no_string_overlap,two_hop,47,val,common_neighbors,heuristic,0.48016419963792656,0.5114738431736682,,,,0.0,0.0,860806,107600
biogrid_human_physical_no_string_overlap,two_hop,47,val,jaccard,heuristic,0.3927398330937936,0.43640298160015517,,,,0.0,0.0,860806,107600
biogrid_human_physical_no_string_overlap,two_hop,47,val,adamic_adar,heuristic,0.4449310497021876,0.495159943941825,,,,0.0,0.0,860806,107600
biogrid_human_physical_no_string_overlap,two_hop,47,val,preferential_attachment,heuristic,0.5535839267699452,0.5444486528480382,,,,0.0,0.0,860806,107600
biogrid_human_physical_no_string_overlap,two_hop,47,test,common_neighbors,heuristic,0.48957482829148297,0.5204212780032135,,,,0.0,0.0,860806,107600
biogrid_human_physical_no_string_overlap,two_hop,47,test,jaccard,heuristic,0.39791169172620616,0.4390520742515027,,,,0.0,0.0,860806,107600
biogrid_human_physical_no_string_overlap,two_hop,47,test,adamic_adar,heuristic,0.4557503078315668,0.5053148458108686,,,,0.0,0.0,860806,107600
biogrid_human_physical_no_string_overlap,two_hop,47,test,preferential_attachment,heuristic,0.5629044708130071,0.5552539439232947,,,,0.0,0.0,860806,107600
biogrid_human_physical_no_string_overlap,two_hop,47,val,logistic_regression,supervised_pair_features,0.7569046577230829,0.7249017078146973,0.2177924859392574,0.6489050071163056,0.10475940749616512,0.6819449000031454,0.008554799991543405,860806,107600
biogrid_human_physical_no_string_overlap,two_hop,47,test,logistic_regression,supervised_pair_features,0.7518270268169318,0.7227987120328517,0.2193610050689574,0.6518996334768566,0.10152256172495491,0.6819449000031454,0.008710099995369092,860806,107600
biogrid_human_physical_no_string_overlap,two_hop,47,val,random_forest,supervised_pair_features,0.8179662661862053,0.8331252284440639,0.1767925129622482,0.5173848385209989,0.04484393584633652,25.225498400002834,0.14426349999848753,860806,107600
biogrid_human_physical_no_string_overlap,two_hop,47,test,random_forest,supervised_pair_features,0.815129614709581,0.8310267573188432,0.1783425066589924,0.5213486402729728,0.04474137803480861,25.225498400002834,0.14726840000366792,860806,107600
biogrid_human_physical_no_string_overlap,two_hop,47,val,hist_gradient_boosting,supervised_pair_features,0.8390841691311619,0.8523511897181641,0.16337760484799724,0.4858459321243849,0.011577143469603137,4.141553000008571,0.2109065999975428,860806,107600
biogrid_human_physical_no_string_overlap,two_hop,47,test,hist_gradient_boosting,supervised_pair_features,0.8345236018020757,0.8490573674268456,0.16567326259886272,0.4917170840898746,0.012158028733010924,4.141553000008571,0.21902960000443272,860806,107600
biogrid_human_physical_no_string_overlap,two_hop,48,val,common_neighbors,heuristic,0.4838821091471925,0.51582160188923,,,,0.0,0.0,860806,107600
biogrid_human_physical_no_string_overlap,two_hop,48,val,jaccard,heuristic,0.3949111584624314,0.4389662453774581,,,,0.0,0.0,860806,107600
biogrid_human_physical_no_string_overlap,two_hop,48,val,adamic_adar,heuristic,0.4488562326391288,0.4995565702112494,,,,0.0,0.0,860806,107600
biogrid_human_physical_no_string_overlap,two_hop,48,val,preferential_attachment,heuristic,0.5574954585342933,0.5489578981265699,,,,0.0,0.0,860806,107600
biogrid_human_physical_no_string_overlap,two_hop,48,test,common_neighbors,heuristic,0.4868695082641202,0.519161075107937,,,,0.0,0.0,860806,107600
biogrid_human_physical_no_string_overlap,two_hop,48,test,jaccard,heuristic,0.398429563577065,0.44075135234517615,,,,0.0,0.0,860806,107600
biogrid_human_physical_no_string_overlap,two_hop,48,test,adamic_adar,heuristic,0.4526777609831263,0.5037920988713585,,,,0.0,0.0,860806,107600
biogrid_human_physical_no_string_overlap,two_hop,48,test,preferential_attachment,heuristic,0.559292922637885,0.5509494260692325,,,,0.0,0.0,860806,107600
biogrid_human_physical_no_string_overlap,two_hop,48,val,logistic_regression,supervised_pair_features,0.7554503980044499,0.7249571955199833,0.21792636927870587,0.6490102402173519,0.10258452894437266,0.7580129999987548,0.008634799989522435,860806,107600
biogrid_human_physical_no_string_overlap,two_hop,48,test,logistic_regression,supervised_pair_features,0.7503469653888144,0.719550451703467,0.21969138745020353,0.6545016027804965,0.10100999326557841,0.7580129999987548,0.008750799999688752,860806,107600
biogrid_human_physical_no_string_overlap,two_hop,48,val,random_forest,supervised_pair_features,0.8144789736529345,0.8303379265036812,0.17823700895734604,0.5208674622165703,0.04256943567328461,23.80861389999336,0.14293429999088403,860806,107600
biogrid_human_physical_no_string_overlap,two_hop,48,test,random_forest,supervised_pair_features,0.8130555760354334,0.829063736713197,0.17888090271390905,0.5223904286773573,0.041603556697942336,23.80861389999336,0.1461758999939775,860806,107600
biogrid_human_physical_no_string_overlap,two_hop,48,val,hist_gradient_boosting,supervised_pair_features,0.8379708976520501,0.8516381293103978,0.16397027517033774,0.48740232376520803,0.011720709538738038,3.9447815000021365,0.22226840000075754,860806,107600
biogrid_human_physical_no_string_overlap,two_hop,48,test,hist_gradient_boosting,supervised_pair_features,0.8342743074653473,0.8487803960635607,0.16578182309150089,0.49208002940635553,0.012837368979430972,3.9447815000021365,0.2186634999961825,860806,107600
biogrid_human_physical_no_string_overlap,two_hop,49,val,common_neighbors,heuristic,0.4876793625019002,0.5166049533461698,,,,0.0,0.0,860806,107600
biogrid_human_physical_no_string_overlap,two_hop,49,val,jaccard,heuristic,0.3970159664736529,0.43835280568181123,,,,0.0,0.0,860806,107600
biogrid_human_physical_no_string_overlap,two_hop,49,val,adamic_adar,heuristic,0.45225793555921,0.5002665216827973,,,,0.0,0.0,860806,107600
biogrid_human_physical_no_string_overlap,two_hop,49,val,preferential_attachment,heuristic,0.5614491017260679,0.5513662537334955,,,,0.0,0.0,860806,107600
biogrid_human_physical_no_string_overlap,two_hop,49,test,common_neighbors,heuristic,0.48739670989897876,0.5201590101473316,,,,0.0,0.0,860806,107600
biogrid_human_physical_no_string_overlap,two_hop,49,test,jaccard,heuristic,0.39651340069236196,0.43856267561165896,,,,0.0,0.0,860806,107600
biogrid_human_physical_no_string_overlap,two_hop,49,test,adamic_adar,heuristic,0.4532409839208966,0.5047698346131698,,,,0.0,0.0,860806,107600
biogrid_human_physical_no_string_overlap,two_hop,49,test,preferential_attachment,heuristic,0.5617216190351155,0.5551264732709715,,,,0.0,0.0,860806,107600
biogrid_human_physical_no_string_overlap,two_hop,49,val,logistic_regression,supervised_pair_features,0.7554336004546648,0.7274595648181451,0.2178260696487843,0.6498123841873633,0.10154511616886923,0.7783422000065912,0.008496000009472482,860806,107600
biogrid_human_physical_no_string_overlap,two_hop,49,test,logistic_regression,supervised_pair_features,0.7523220593620873,0.723397901673865,0.21876942685647074,0.6510132194756765,0.0996080423449792,0.7783422000065912,0.008131599999614991,860806,107600
biogrid_human_physical_no_string_overlap,two_hop,49,val,random_forest,supervised_pair_features,0.8172161319633504,0.832737068136508,0.17716701103524876,0.5181940871003761,0.04528452681609648,24.204497300001094,0.14774480000778567,860806,107600
biogrid_human_physical_no_string_overlap,two_hop,49,test,random_forest,supervised_pair_features,0.8128988232611489,0.8285535616569604,0.17854228317835116,0.5216626261787879,0.04086735128288911,24.204497300001094,0.14178459999675397,860806,107600
biogrid_human_physical_no_string_overlap,two_hop,49,val,hist_gradient_boosting,supervised_pair_features,0.8386577662691229,0.85298840415522,0.16358928427607022,0.4866322851833616,0.012435336295237137,3.93524969999271,0.21048749999317806,860806,107600
biogrid_human_physical_no_string_overlap,two_hop,49,test,hist_gradient_boosting,supervised_pair_features,0.8347883220933928,0.8490031714382376,0.1654859450937192,0.49113171040695003,0.010807909628802608,3.93524969999271,0.22070370000437833,860806,107600
biogrid_human_physical_no_string_overlap,two_hop,50,val,common_neighbors,heuristic,0.4857061972264065,0.5168755282153048,,,,0.0,0.0,860806,107600
biogrid_human_physical_no_string_overlap,two_hop,50,val,jaccard,heuristic,0.3983264843976728,0.44041565161538654,,,,0.0,0.0,860806,107600
biogrid_human_physical_no_string_overlap,two_hop,50,val,adamic_adar,heuristic,0.4508396729591907,0.5005386564446123,,,,0.0,0.0,860806,107600
biogrid_human_physical_no_string_overlap,two_hop,50,val,preferential_attachment,heuristic,0.5575530342656956,0.548694935675524,,,,0.0,0.0,860806,107600
biogrid_human_physical_no_string_overlap,two_hop,50,test,common_neighbors,heuristic,0.4883946737538176,0.5190352652698977,,,,0.0,0.0,860806,107600
biogrid_human_physical_no_string_overlap,two_hop,50,test,jaccard,heuristic,0.3981925116775611,0.4397297093665412,,,,0.0,0.0,860806,107600
biogrid_human_physical_no_string_overlap,two_hop,50,test,adamic_adar,heuristic,0.4540303184726579,0.5031955308387144,,,,0.0,0.0,860806,107600
biogrid_human_physical_no_string_overlap,two_hop,50,test,preferential_attachment,heuristic,0.5600590314534072,0.5525199977717657,,,,0.0,0.0,860806,107600
biogrid_human_physical_no_string_overlap,two_hop,50,val,logistic_regression,supervised_pair_features,0.7550513247813048,0.7245485371018159,0.21795421860514072,0.6497321132999122,0.10295043212306146,0.5709920000081183,0.008622800000011921,860806,107600
biogrid_human_physical_no_string_overlap,two_hop,50,test,logistic_regression,supervised_pair_features,0.7542048859192106,0.7247157844444607,0.2182668046930765,0.6491290996171318,0.10122559646251789,0.5709920000081183,0.009461300011025742,860806,107600
biogrid_human_physical_no_string_overlap,two_hop,50,val,random_forest,supervised_pair_features,0.8153047534238056,0.8312393459004817,0.17794562830067687,0.5203519273354288,0.04465823328086817,24.37353150000854,0.19922260000021197,860806,107600
biogrid_human_physical_no_string_overlap,two_hop,50,test,random_forest,supervised_pair_features,0.8129079232943159,0.8285735201350262,0.1788777782543062,0.5226620258465025,0.042275758977462,24.37353150000854,0.1534780999936629,860806,107600
biogrid_human_physical_no_string_overlap,two_hop,50,val,hist_gradient_boosting,supervised_pair_features,0.8375038769157419,0.8515727783356122,0.16417829986646956,0.48821281024718266,0.011924749493125,4.031032200000482,0.21799109999847133,860806,107600
biogrid_human_physical_no_string_overlap,two_hop,50,test,hist_gradient_boosting,supervised_pair_features,0.8355384583891875,0.8496050942762429,0.16516444852398426,0.49039576829602327,0.013193192680062069,4.031032200000482,0.21610130000044592,860806,107600
biogrid_human_physical_no_string_overlap,two_hop,51,val,common_neighbors,heuristic,0.48306540297950556,0.5153752958751766,,,,0.0,0.0,860806,107600
biogrid_human_physical_no_string_overlap,two_hop,51,val,jaccard,heuristic,0.3947733309379362,0.4385650899850456,,,,0.0,0.0,860806,107600
biogrid_human_physical_no_string_overlap,two_hop,51,val,adamic_adar,heuristic,0.44793791199679384,0.49896296816567237,,,,0.0,0.0,860806,107600
biogrid_human_physical_no_string_overlap,two_hop,51,val,preferential_attachment,heuristic,0.5566501976202651,0.5475933666664323,,,,0.0,0.0,860806,107600
biogrid_human_physical_no_string_overlap,two_hop,51,test,common_neighbors,heuristic,0.48881989590387076,0.5189759974338605,,,,0.0,0.0,860806,107600
biogrid_human_physical_no_string_overlap,two_hop,51,test,jaccard,heuristic,0.3984748118807092,0.4393531391839795,,,,0.0,0.0,860806,107600
biogrid_human_physical_no_string_overlap,two_hop,51,test,adamic_adar,heuristic,0.4543058246154697,0.5031934230392393,,,,0.0,0.0,860806,107600
biogrid_human_physical_no_string_overlap,two_hop,51,test,preferential_attachment,heuristic,0.5621851484224927,0.5536877065303774,,,,0.0,0.0,860806,107600
biogrid_human_physical_no_string_overlap,two_hop,51,val,logistic_regression,supervised_pair_features,0.7569646845331048,0.7267134565889577,0.21773564699281317,0.6496023734266865,0.10626187165130352,0.6197108999913326,0.00869990000501275,860806,107600
biogrid_human_physical_no_string_overlap,two_hop,51,test,logistic_regression,supervised_pair_features,0.753081494693274,0.7216783701895855,0.2188240451288679,0.6502272283792386,0.10171376447948793,0.6197108999913326,0.00829469999007415,860806,107600
biogrid_human_physical_no_string_overlap,two_hop,51,val,random_forest,supervised_pair_features,0.8174805464960406,0.8337488340506491,0.17753108372628318,0.5191649526257194,0.0457126003836348,24.36953569999605,0.18921440000121947,860806,107600
biogrid_human_physical_no_string_overlap,two_hop,51,test,random_forest,supervised_pair_features,0.8145184968422217,0.8300938831273355,0.17833973135129955,0.5212315455106022,0.04341446372048804,24.36953569999605,0.13913680000405293,860806,107600
biogrid_human_physical_no_string_overlap,two_hop,51,val,hist_gradient_boosting,supervised_pair_features,0.8379688357678861,0.8521064416474882,0.16391747837503864,0.4873221797169513,0.011237137653372215,4.42440329999954,0.22510649998730514,860806,107600
biogrid_human_physical_no_string_overlap,two_hop,51,test,hist_gradient_boosting,supervised_pair_features,0.8343450779770871,0.8483650859865866,0.16576671618595054,0.49188805548483666,0.011677195106484541,4.42440329999954,0.22165269999823067,860806,107600
string_human_physical_no_biogrid_overlap,two_hop,42,val,common_neighbors,heuristic,0.6613628389171302,0.6864823685407073,,,,0.0,0.0,503266,62906
string_human_physical_no_biogrid_overlap,two_hop,42,val,jaccard,heuristic,0.6208387332389608,0.6499216028927144,,,,0.0,0.0,503266,62906
string_human_physical_no_biogrid_overlap,two_hop,42,val,adamic_adar,heuristic,0.6476342665044343,0.692503301269681,,,,0.0,0.0,503266,62906
string_human_physical_no_biogrid_overlap,two_hop,42,val,preferential_attachment,heuristic,0.609413995106066,0.6100054229737772,,,,0.0,0.0,503266,62906
string_human_physical_no_biogrid_overlap,two_hop,42,test,common_neighbors,heuristic,0.6613662448909924,0.694742261074363,,,,0.0,0.0,503266,62906
string_human_physical_no_biogrid_overlap,two_hop,42,test,jaccard,heuristic,0.6235267713775874,0.6583182707885649,,,,0.0,0.0,503266,62906
string_human_physical_no_biogrid_overlap,two_hop,42,test,adamic_adar,heuristic,0.6493732200949943,0.702331680848304,,,,0.0,0.0,503266,62906
string_human_physical_no_biogrid_overlap,two_hop,42,test,preferential_attachment,heuristic,0.6075685627567321,0.6095545461507812,,,,0.0,0.0,503266,62906
string_human_physical_no_biogrid_overlap,two_hop,42,val,logistic_regression,supervised_pair_features,0.6639988938787791,0.6774475317587358,0.2304437750690839,0.6547642668349405,0.04824493221149823,0.33638609999616165,0.005244699990726076,503266,62906
string_human_physical_no_biogrid_overlap,two_hop,42,test,logistic_regression,supervised_pair_features,0.6608199881416312,0.6805094569943496,0.22993614730043424,0.6528806157684298,0.04694499911617642,0.33638609999616165,0.0051961999997729436,503266,62906
string_human_physical_no_biogrid_overlap,two_hop,42,val,random_forest,supervised_pair_features,0.8357312275479848,0.8484514156883479,0.1652993994992187,0.4949366935218622,0.014166935848269455,12.319942300004186,0.10132870000961702,503266,62906
string_human_physical_no_biogrid_overlap,two_hop,42,test,random_forest,supervised_pair_features,0.8364164504569048,0.8507660442214782,0.16477753471066123,0.4947411874675327,0.01953525815576409,12.319942300004186,0.09009989998594392,503266,62906
string_human_physical_no_biogrid_overlap,two_hop,42,val,hist_gradient_boosting,supervised_pair_features,0.832026218884555,0.8440089076678248,0.16720615451213092,0.49976411684797895,0.01414393646733117,2.534478499990655,0.10862850000557955,503266,62906
string_human_physical_no_biogrid_overlap,two_hop,42,test,hist_gradient_boosting,supervised_pair_features,0.8329508338934406,0.846523973036661,0.16662935777529433,0.4990121375816151,0.019422481341037946,2.534478499990655,0.09696150000672787,503266,62906
string_human_physical_no_biogrid_overlap,two_hop,43,val,common_neighbors,heuristic,0.6640002706220348,0.6948772759371008,,,,0.0,0.0,503266,62906
string_human_physical_no_biogrid_overlap,two_hop,43,val,jaccard,heuristic,0.6268375695229695,0.6572362164442163,,,,0.0,0.0,503266,62906
string_human_physical_no_biogrid_overlap,two_hop,43,val,adamic_adar,heuristic,0.6500091132418018,0.701141202826248,,,,0.0,0.0,503266,62906
string_human_physical_no_biogrid_overlap,two_hop,43,val,preferential_attachment,heuristic,0.6066184628352439,0.6083985474416318,,,,0.0,0.0,503266,62906
string_human_physical_no_biogrid_overlap,two_hop,43,test,common_neighbors,heuristic,0.6647644015403356,0.6974186417962883,,,,0.0,0.0,503266,62906
string_human_physical_no_biogrid_overlap,two_hop,43,test,jaccard,heuristic,0.6267152187945906,0.6591330820108818,,,,0.0,0.0,503266,62906
string_human_physical_no_biogrid_overlap,two_hop,43,test,adamic_adar,heuristic,0.6522412259705019,0.7047994637323054,,,,0.0,0.0,503266,62906
string_human_physical_no_biogrid_overlap,two_hop,43,test,preferential_attachment,heuristic,0.6108337413721018,0.6145072839348654,,,,0.0,0.0,503266,62906
string_human_physical_no_biogrid_overlap,two_hop,43,val,logistic_regression,supervised_pair_features,0.6681397944171967,0.6829481378819346,0.22956832551042472,0.6519832625066261,0.048499232093931456,0.3389263999997638,0.005195499994442798,503266,62906
string_human_physical_no_biogrid_overlap,two_hop,43,test,logistic_regression,supervised_pair_features,0.6657668662251299,0.6833604585268152,0.2295415023740946,0.652074709357833,0.048739536810714766,0.3389263999997638,0.005113300008815713,503266,62906
string_human_physical_no_biogrid_overlap,two_hop,43,val,random_forest,supervised_pair_features,0.838225367774394,0.8507518252914368,0.16413683250493127,0.4920264039475933,0.016833672079815155,12.424609900001087,0.09366899999440648,503266,62906
string_human_physical_no_biogrid_overlap,two_hop,43,test,random_forest,supervised_pair_features,0.8369527182364763,0.8503931206715791,0.16466528580281925,0.4935158593773675,0.017675515855181925,12.424609900001087,0.1023360999970464,503266,62906
string_human_physical_no_biogrid_overlap,two_hop,43,val,hist_gradient_boosting,supervised_pair_features,0.8355302215164029,0.8473292162904664,0.1655850092973807,0.49568540024855606,0.018003899420052795,2.5679228999943007,0.09964349999791011,503266,62906
string_human_physical_no_biogrid_overlap,two_hop,43,test,hist_gradient_boosting,supervised_pair_features,0.8336284791549179,0.8464933261817249,0.16639545498750863,0.49761082763513187,0.019534744090358318,2.5679228999943007,0.09533329999248963,503266,62906
string_human_physical_no_biogrid_overlap,two_hop,44,val,common_neighbors,heuristic,0.6595072012815187,0.6872183651463786,,,,0.0,0.0,503266,62906
string_human_physical_no_biogrid_overlap,two_hop,44,val,jaccard,heuristic,0.6209979254955654,0.6494415820894661,,,,0.0,0.0,503266,62906
string_human_physical_no_biogrid_overlap,two_hop,44,val,adamic_adar,heuristic,0.6468768221915939,0.6937062117133401,,,,0.0,0.0,503266,62906
string_human_physical_no_biogrid_overlap,two_hop,44,val,preferential_attachment,heuristic,0.607521496736559,0.6082411562281907,,,,0.0,0.0,503266,62906
string_human_physical_no_biogrid_overlap,two_hop,44,test,common_neighbors,heuristic,0.6677160895503317,0.6996920015278845,,,,0.0,0.0,503266,62906
string_human_physical_no_biogrid_overlap,two_hop,44,test,jaccard,heuristic,0.6272581125301397,0.6598678063240291,,,,0.0,0.0,503266,62906
string_human_physical_no_biogrid_overlap,two_hop,44,test,adamic_adar,heuristic,0.6552508670882164,0.7072825582568844,,,,0.0,0.0,503266,62906
string_human_physical_no_biogrid_overlap,two_hop,44,test,preferential_attachment,heuristic,0.6114893880554032,0.6158806999033538,,,,0.0,0.0,503266,62906
string_human_physical_no_biogrid_overlap,two_hop,44,val,logistic_regression,supervised_pair_features,0.6614957133415709,0.6766366635419798,0.2308664440579277,0.6551109726898201,0.044499305783935766,0.3417468999978155,0.005120499990880489,503266,62906
string_human_physical_no_biogrid_overlap,two_hop,44,test,logistic_regression,supervised_pair_features,0.6661397063925594,0.6845734108098315,0.22948489000200106,0.6515609246387537,0.05039602646721933,0.3417468999978155,0.005089400001452304,503266,62906
string_human_physical_no_biogrid_overlap,two_hop,44,val,random_forest,supervised_pair_features,0.8337432643657506,0.8468603919663844,0.16619851307471567,0.49758892080030726,0.015018066070353353,13.254102999999304,0.10044209999614395,503266,62906
string_human_physical_no_biogrid_overlap,two_hop,44,test,random_forest,supervised_pair_features,0.8394403164053588,0.8520283290918649,0.16357191736552998,0.49070143351027723,0.01983671985505372,13.254102999999304,0.09026599999924656,503266,62906
string_human_physical_no_biogrid_overlap,two_hop,44,val,hist_gradient_boosting,supervised_pair_features,0.8308594016830084,0.8434416737133563,0.1677620490718566,0.5011970184968825,0.017596076670907568,2.6041403000126593,0.10019219999958295,503266,62906
string_human_physical_no_biogrid_overlap,two_hop,44,test,hist_gradient_boosting,supervised_pair_features,0.8361408895325583,0.8483737025385281,0.16536730907140276,0.49507097920077087,0.02136281485971296,2.6041403000126593,0.09897749999072403,503266,62906
string_human_physical_no_biogrid_overlap,two_hop,45,val,common_neighbors,heuristic,0.659606588094123,0.6913607893162715,,,,0.0,0.0,503266,62906
string_human_physical_no_biogrid_overlap,two_hop,45,val,jaccard,heuristic,0.621461248120724,0.6520628318735242,,,,0.0,0.0,503266,62906
string_human_physical_no_biogrid_overlap,two_hop,45,val,adamic_adar,heuristic,0.6452079126885277,0.697342710836101,,,,0.0,0.0,503266,62906
string_human_physical_no_biogrid_overlap,two_hop,45,val,preferential_attachment,heuristic,0.6063070004496522,0.6096063346284144,,,,0.0,0.0,503266,62906
string_human_physical_no_biogrid_overlap,two_hop,45,test,common_neighbors,heuristic,0.6653652504052525,0.6957869851685531,,,,0.0,0.0,503266,62906
string_human_physical_no_biogrid_overlap,two_hop,45,test,jaccard,heuristic,0.630478311972951,0.6618364130504475,,,,0.0,0.0,503266,62906
string_human_physical_no_biogrid_overlap,two_hop,45,test,adamic_adar,heuristic,0.6529752247095931,0.7033569126279287,,,,0.0,0.0,503266,62906
string_human_physical_no_biogrid_overlap,two_hop,45,test,preferential_attachment,heuristic,0.6042464034470157,0.6084755898705003,,,,0.0,0.0,503266,62906
string_human_physical_no_biogrid_overlap,two_hop,45,val,logistic_regression,supervised_pair_features,0.6628865454721735,0.6807248586662767,0.22998346679721654,0.652751722401722,0.044095612774684184,0.3222125999891432,0.005125899988343008,503266,62906
string_human_physical_no_biogrid_overlap,two_hop,45,test,logistic_regression,supervised_pair_features,0.6651563710599999,0.6830134143295756,0.2295283024768653,0.651916748292272,0.04735028190876984,0.3222125999891432,0.005031099994084798,503266,62906
string_human_physical_no_biogrid_overlap,two_hop,45,val,random_forest,supervised_pair_features,0.8361357338211219,0.8492059532709039,0.16503253080318994,0.49438456314466017,0.014880768303074355,12.472510099993087,0.10384589999739546,503266,62906
string_human_physical_no_biogrid_overlap,two_hop,45,test,random_forest,supervised_pair_features,0.8374906377036249,0.8503853004922435,0.16442530047428772,0.4936502423529028,0.019078892420722256,12.472510099993087,0.09072510000260081,503266,62906
string_human_physical_no_biogrid_overlap,two_hop,45,val,hist_gradient_boosting,supervised_pair_features,0.8328299625070256,0.8454778026656036,0.166758712087783,0.4983772310424566,0.015645583703498903,2.506286400006502,0.09745349999866448,503266,62906
string_human_physical_no_biogrid_overlap,two_hop,45,test,hist_gradient_boosting,supervised_pair_features,0.8337709776414277,0.8462724215755189,0.1663447272195838,0.4980227739583888,0.020796528986155603,2.506286400006502,0.1024209999886807,503266,62906
string_human_physical_no_biogrid_overlap,two_hop,46,val,common_neighbors,heuristic,0.6642987332964363,0.693499830932059,,,,0.0,0.0,503266,62906
string_human_physical_no_biogrid_overlap,two_hop,46,val,jaccard,heuristic,0.6236353435543366,0.6516258133898825,,,,0.0,0.0,503266,62906
string_human_physical_no_biogrid_overlap,two_hop,46,val,adamic_adar,heuristic,0.6501560376243068,0.6993758520338262,,,,0.0,0.0,503266,62906
string_human_physical_no_biogrid_overlap,two_hop,46,val,preferential_attachment,heuristic,0.6126530444080798,0.6144953144446857,,,,0.0,0.0,503266,62906
string_human_physical_no_biogrid_overlap,two_hop,46,test,common_neighbors,heuristic,0.6612491989706947,0.690956029385283,,,,0.0,0.0,503266,62906
string_human_physical_no_biogrid_overlap,two_hop,46,test,jaccard,heuristic,0.6232528166537058,0.6539674412014815,,,,0.0,0.0,503266,62906
string_human_physical_no_biogrid_overlap,two_hop,46,test,adamic_adar,heuristic,0.6485849415851829,0.6982090658850779,,,,0.0,0.0,503266,62906
string_human_physical_no_biogrid_overlap,two_hop,46,test,preferential_attachment,heuristic,0.6082118864759871,0.6069925525356805,,,,0.0,0.0,503266,62906
string_human_physical_no_biogrid_overlap,two_hop,46,val,logistic_regression,supervised_pair_features,0.6697814899919928,0.6829137118927182,0.2296370191464781,0.6526582596050342,0.04927329421837202,0.3458014999923762,0.005245399996056221,503266,62906
string_human_physical_no_biogrid_overlap,two_hop,46,test,logistic_regression,supervised_pair_features,0.6630125321370364,0.6777128112252627,0.23052892346318102,0.6546197133057604,0.04881003165251166,0.3458014999923762,0.0049177999899256974,503266,62906
string_human_physical_no_biogrid_overlap,two_hop,46,val,random_forest,supervised_pair_features,0.8390036376033339,0.85103997766556,0.16379621493200405,0.49232294797098397,0.01759440637202323,12.70497369999066,0.10025049999239855,503266,62906
string_human_physical_no_biogrid_overlap,two_hop,46,test,random_forest,supervised_pair_features,0.8384206100834763,0.8509867184608131,0.16411537139040314,0.4931450268258799,0.01958273877426348,12.70497369999066,0.09302329999627545,503266,62906
string_human_physical_no_biogrid_overlap,two_hop,46,val,hist_gradient_boosting,supervised_pair_features,0.8356029685491726,0.8473952082596854,0.1655144861920928,0.4956013827375,0.016946091918441226,2.6830106000124943,0.11734909999358933,503266,62906
string_human_physical_no_biogrid_overlap,two_hop,46,test,hist_gradient_boosting,supervised_pair_features,0.8345327705221729,0.8467445656622209,0.16612297190509934,0.49726684613082467,0.019684542529718588,2.6830106000124943,0.10120779999124352,503266,62906
string_human_physical_no_biogrid_overlap,two_hop,47,val,common_neighbors,heuristic,0.6609126332588283,0.6900081301506644,,,,0.0,0.0,503266,62906
string_human_physical_no_biogrid_overlap,two_hop,47,val,jaccard,heuristic,0.6260493461031049,0.6558393009899263,,,,0.0,0.0,503266,62906
string_human_physical_no_biogrid_overlap,two_hop,47,val,adamic_adar,heuristic,0.6470418888560041,0.6959359460543945,,,,0.0,0.0,503266,62906
string_human_physical_no_biogrid_overlap,two_hop,47,val,preferential_attachment,heuristic,0.604362117100345,0.6041191917828075,,,,0.0,0.0,503266,62906
string_human_physical_no_biogrid_overlap,two_hop,47,test,common_neighbors,heuristic,0.6657925325807682,0.6958912957713842,,,,0.0,0.0,503266,62906
string_human_physical_no_biogrid_overlap,two_hop,47,test,jaccard,heuristic,0.6290159574237154,0.6566267153930209,,,,0.0,0.0,503266,62906
string_human_physical_no_biogrid_overlap,two_hop,47,test,adamic_adar,heuristic,0.652964508451424,0.703356105957611,,,,0.0,0.0,503266,62906
string_human_physical_no_biogrid_overlap,two_hop,47,test,preferential_attachment,heuristic,0.607886859328192,0.6105589956136367,,,,0.0,0.0,503266,62906
string_human_physical_no_biogrid_overlap,two_hop,47,val,logistic_regression,supervised_pair_features,0.66493952035108,0.6814895907412899,0.22990669746302952,0.6529524866550375,0.048273173902766024,0.33075649999955203,0.005288500004098751,503266,62906
string_human_physical_no_biogrid_overlap,two_hop,47,test,logistic_regression,supervised_pair_features,0.6636318234987976,0.6806854510067405,0.2301338074860534,0.6532560380364982,0.050647752901501704,0.33075649999955203,0.004986200001440011,503266,62906
string_human_physical_no_biogrid_overlap,two_hop,47,val,random_forest,supervised_pair_features,0.8350812429992998,0.8478991891453737,0.16564835993433627,0.4963860865897129,0.01631104786864292,12.670370699997875,0.11038440000265837,503266,62906
string_human_physical_no_biogrid_overlap,two_hop,47,test,random_forest,supervised_pair_features,0.8372907617740694,0.8506775703126428,0.16448915903271194,0.49344437662438345,0.01781104099887807,12.670370699997875,0.08976820000680164,503266,62906
string_human_physical_no_biogrid_overlap,two_hop,47,val,hist_gradient_boosting,supervised_pair_features,0.8315571926809673,0.8436428511740591,0.16747325245953884,0.5005977704921634,0.0161872399598423,2.5461128000024473,0.09744470000441652,503266,62906
string_human_physical_no_biogrid_overlap,two_hop,47,test,hist_gradient_boosting,supervised_pair_features,0.8333918673283187,0.8459659860833653,0.166544465973737,0.4985077143706715,0.018685860204281514,2.5461128000024473,0.09491010000056121,503266,62906
string_human_physical_no_biogrid_overlap,two_hop,48,val,common_neighbors,heuristic,0.664909099076003,0.6937488643701462,,,,0.0,0.0,503266,62906
string_human_physical_no_biogrid_overlap,two_hop,48,val,jaccard,heuristic,0.626382550317396,0.6535124232323147,,,,0.0,0.0,503266,62906
string_human_physical_no_biogrid_overlap,two_hop,48,val,adamic_adar,heuristic,0.6511762296474627,0.6997406512570494,,,,0.0,0.0,503266,62906
string_human_physical_no_biogrid_overlap,two_hop,48,val,preferential_attachment,heuristic,0.6094405525036865,0.6105930283523553,,,,0.0,0.0,503266,62906
string_human_physical_no_biogrid_overlap,two_hop,48,test,common_neighbors,heuristic,0.6655154488489949,0.6956826198864022,,,,0.0,0.0,503266,62906
string_human_physical_no_biogrid_overlap,two_hop,48,test,jaccard,heuristic,0.6273793872356143,0.6587033815444397,,,,0.0,0.0,503266,62906
string_human_physical_no_biogrid_overlap,two_hop,48,test,adamic_adar,heuristic,0.6525593881022751,0.7030550858429162,,,,0.0,0.0,503266,62906
string_human_physical_no_biogrid_overlap,two_hop,48,test,preferential_attachment,heuristic,0.61030538531754,0.6129109964664697,,,,0.0,0.0,503266,62906
string_human_physical_no_biogrid_overlap,two_hop,48,val,logistic_regression,supervised_pair_features,0.6668641194809203,0.6818351826262081,0.2297630943476718,0.6527397576899825,0.048050299912191015,0.33144789999641944,0.0050688000046648085,503266,62906
string_human_physical_no_biogrid_overlap,two_hop,48,test,logistic_regression,supervised_pair_features,0.6655113686550509,0.6823363531222535,0.22969522998949551,0.6523054591147283,0.048470718191385924,0.33144789999641944,0.004990900008124299,503266,62906
string_human_physical_no_biogrid_overlap,two_hop,48,val,random_forest,supervised_pair_features,0.8374400818111384,0.8494095202255563,0.1644493500432651,0.4930008333244761,0.01571121437584874,12.06281570000283,0.10367959999712184,503266,62906
string_human_physical_no_biogrid_overlap,two_hop,48,test,random_forest,supervised_pair_features,0.8387995359210758,0.8512250801971987,0.1638456033949511,0.4924291855746945,0.018717447852382472,12.06281570000283,0.09210199999506585,503266,62906
string_human_physical_no_biogrid_overlap,two_hop,48,val,hist_gradient_boosting,supervised_pair_features,0.833851973509248,0.8449294300353487,0.16630249028649252,0.4974296307047811,0.017616208774183028,2.5472146999964025,0.09879540000110865,503266,62906
string_human_physical_no_biogrid_overlap,two_hop,48,test,hist_gradient_boosting,supervised_pair_features,0.8353243938509515,0.8472298941072091,0.16563110005554818,0.49606661803386387,0.020407530824838014,2.5472146999964025,0.09731300000566989,503266,62906
string_human_physical_no_biogrid_overlap,two_hop,49,val,common_neighbors,heuristic,0.660413419280672,0.6918767135918341,,,,0.0,0.0,503266,62906
string_human_physical_no_biogrid_overlap,two_hop,49,val,jaccard,heuristic,0.6228669681830762,0.6531714305586201,,,,0.0,0.0,503266,62906
string_human_physical_no_biogrid_overlap,two_hop,49,val,adamic_adar,heuristic,0.6471064891470193,0.6980107561303233,,,,0.0,0.0,503266,62906
string_human_physical_no_biogrid_overlap,two_hop,49,val,preferential_attachment,heuristic,0.6074243387924414,0.6100185020981481,,,,0.0,0.0,503266,62906
string_human_physical_no_biogrid_overlap,two_hop,49,test,common_neighbors,heuristic,0.662691797961787,0.6939743477771635,,,,0.0,0.0,503266,62906
string_human_physical_no_biogrid_overlap,two_hop,49,test,jaccard,heuristic,0.6248525084184792,0.6572389863467868,,,,0.0,0.0,503266,62906
string_human_physical_no_biogrid_overlap,two_hop,49,test,adamic_adar,heuristic,0.6505005949163347,0.7015812795447604,,,,0.0,0.0,503266,62906
string_human_physical_no_biogrid_overlap,two_hop,49,test,preferential_attachment,heuristic,0.6078044336488185,0.612983723044402,,,,0.0,0.0,503266,62906
string_human_physical_no_biogrid_overlap,two_hop,49,val,logistic_regression,supervised_pair_features,0.6660509630587449,0.6830392947626324,0.22969291542300918,0.6527010612396749,0.04735211609984262,0.326214999993681,0.0053890000126557425,503266,62906
string_human_physical_no_biogrid_overlap,two_hop,49,test,logistic_regression,supervised_pair_features,0.6637555054833202,0.6810809879615105,0.22990877062170212,0.6528902283509176,0.04771564425325243,0.326214999993681,0.004974799987394363,503266,62906
string_human_physical_no_biogrid_overlap,two_hop,49,val,random_forest,supervised_pair_features,0.8370104247029653,0.8509901013199871,0.1645710178321992,0.4927002810212145,0.016951967694773862,13.22874320000119,0.09216839999135118,503266,62906
string_human_physical_no_biogrid_overlap,two_hop,49,test,random_forest,supervised_pair_features,0.8390004752382267,0.8520903150976571,0.1637267351417694,0.4912056362099575,0.01917385503707309,13.22874320000119,0.10282279999228194,503266,62906
string_human_physical_no_biogrid_overlap,two_hop,49,val,hist_gradient_boosting,supervised_pair_features,0.8331423831544428,0.8464910380016388,0.16657523011589986,0.4975446251922623,0.015646040427378573,2.796186799998395,0.11973759999091271,503266,62906
string_human_physical_no_biogrid_overlap,two_hop,49,test,hist_gradient_boosting,supervised_pair_features,0.8346083635319154,0.8472399220512321,0.16596694628881967,0.49663035992009613,0.019009257413816958,2.796186799998395,0.11176950001390651,503266,62906
string_human_physical_no_biogrid_overlap,two_hop,50,val,common_neighbors,heuristic,0.6598112058023958,0.6922475005471392,,,,0.0,0.0,503266,62906
string_human_physical_no_biogrid_overlap,two_hop,50,val,jaccard,heuristic,0.6204446637309603,0.6536718351528884,,,,0.0,0.0,503266,62906
string_human_physical_no_biogrid_overlap,two_hop,50,val,adamic_adar,heuristic,0.6460630759532,0.6985958722869463,,,,0.0,0.0,503266,62906
string_human_physical_no_biogrid_overlap,two_hop,50,val,preferential_attachment,heuristic,0.6072538576454691,0.6100622738340713,,,,0.0,0.0,503266,62906
string_human_physical_no_biogrid_overlap,two_hop,50,test,common_neighbors,heuristic,0.6642175160580044,0.6958194828332679,,,,0.0,0.0,503266,62906
string_human_physical_no_biogrid_overlap,two_hop,50,test,jaccard,heuristic,0.6276311336351923,0.6578178999026683,,,,0.0,0.0,503266,62906
string_human_physical_no_biogrid_overlap,two_hop,50,test,adamic_adar,heuristic,0.6522478731537985,0.7035057331048806,,,,0.0,0.0,503266,62906
string_human_physical_no_biogrid_overlap,two_hop,50,test,preferential_attachment,heuristic,0.6079746924143545,0.610365766081288,,,,0.0,0.0,503266,62906
string_human_physical_no_biogrid_overlap,two_hop,50,val,logistic_regression,supervised_pair_features,0.6651122793915376,0.682615146270756,0.2299345438062435,0.6528292598771557,0.047695743683388275,0.34129189999657683,0.0051257999875815585,503266,62906
string_human_physical_no_biogrid_overlap,two_hop,50,test,logistic_regression,supervised_pair_features,0.6621689877969996,0.6799079516661894,0.23021113147158082,0.6533114771438274,0.05026827286781676,0.34129189999657683,0.005550200003199279,503266,62906
string_human_physical_no_biogrid_overlap,two_hop,50,val,random_forest,supervised_pair_features,0.8364595924555517,0.8497122947252931,0.16491875455374047,0.49364411950647497,0.015589376450408064,12.609141799999634,0.09123669999826234,503266,62906
string_human_physical_no_biogrid_overlap,two_hop,50,test,random_forest,supervised_pair_features,0.8381655911388979,0.8515455380174839,0.16416527095805308,0.49287391662833824,0.019743623970231466,12.609141799999634,0.09030889999121428,503266,62906
string_human_physical_no_biogrid_overlap,two_hop,50,val,hist_gradient_boosting,supervised_pair_features,0.8330153245099744,0.8451248531577611,0.16670086731669104,0.4978975570630783,0.015336506366742142,2.4813951999967685,0.09689060000528116,503266,62906
string_human_physical_no_biogrid_overlap,two_hop,50,test,hist_gradient_boosting,supervised_pair_features,0.8344021851102894,0.8466201583865105,0.16614634310950516,0.49792449591238225,0.02090387432656028,2.4813951999967685,0.09454220000770874,503266,62906
string_human_physical_no_biogrid_overlap,two_hop,51,val,common_neighbors,heuristic,0.6626686753465328,0.6923658108125814,,,,0.0,0.0,503266,62906
string_human_physical_no_biogrid_overlap,two_hop,51,val,jaccard,heuristic,0.6246333141124677,0.6531817336521706,,,,0.0,0.0,503266,62906
string_human_physical_no_biogrid_overlap,two_hop,51,val,adamic_adar,heuristic,0.6490684013548128,0.6984104322602158,,,,0.0,0.0,503266,62906
string_human_physical_no_biogrid_overlap,two_hop,51,val,preferential_attachment,heuristic,0.6099084465835983,0.6125606648770356,,,,0.0,0.0,503266,62906
string_human_physical_no_biogrid_overlap,two_hop,51,test,common_neighbors,heuristic,0.6689429042525737,0.6987270152989055,,,,0.0,0.0,503266,62906
string_human_physical_no_biogrid_overlap,two_hop,51,test,jaccard,heuristic,0.6295703250305543,0.6596502137419608,,,,0.0,0.0,503266,62906
string_human_physical_no_biogrid_overlap,two_hop,51,test,adamic_adar,heuristic,0.6560383480573313,0.7057224707329085,,,,0.0,0.0,503266,62906
string_human_physical_no_biogrid_overlap,two_hop,51,test,preferential_attachment,heuristic,0.6109967060265264,0.6138217189040325,,,,0.0,0.0,503266,62906
string_human_physical_no_biogrid_overlap,two_hop,51,val,logistic_regression,supervised_pair_features,0.6676411000029416,0.6824196405585434,0.22978083101284086,0.6526092817291375,0.05054928878416244,0.32696540000324603,0.005214799995883368,503266,62906
string_human_physical_no_biogrid_overlap,two_hop,51,test,logistic_regression,supervised_pair_features,0.6695446037264847,0.6861226011973798,0.22919535142167313,0.6514921850039401,0.05244000095667499,0.32696540000324603,0.005066500001703389,503266,62906
string_human_physical_no_biogrid_overlap,two_hop,51,val,random_forest,supervised_pair_features,0.8356433424043497,0.8492361389385659,0.16538486306288389,0.4953188367281933,0.01790612166209708,12.1574738999916,0.10360069999296684,503266,62906
string_human_physical_no_biogrid_overlap,two_hop,51,test,random_forest,supervised_pair_features,0.8372375529721301,0.8500668204755913,0.1646628868581925,0.4940925911637624,0.018620480292363382,12.1574738999916,0.10134039999684319,503266,62906
string_human_physical_no_biogrid_overlap,two_hop,51,val,hist_gradient_boosting,supervised_pair_features,0.8320920422734697,0.8449686791099158,0.16725556912935943,0.5000234586091764,0.017697339233450342,2.5659686000144575,0.10113599999749567,503266,62906
string_human_physical_no_biogrid_overlap,two_hop,51,test,hist_gradient_boosting,supervised_pair_features,0.833963854115275,0.8459481884410818,0.16642439666836892,0.498445636705547,0.02033694721069191,2.5659686000144575,0.09738999999535736,503266,62906
